Viewer ID,Continent,Country,City,Date,Sport,View Time,Viewer Name,Age,Gender
1,Africa,DR Congo,Lubumbashi,2024-04-27 18:45:06,Football,90,Kendra Johnson,19,Female
2,Asia,South Korea,Incheon,2024-05-01 16:31:03,Golf,120,Maria Goodwin,26,Female
3,Oceania,Australia,Brisbane,2024-04-29 00:41:07,Swimming,150,Matthew Miller,21,Female
4,Africa,Ethiopia,Addis Ababa,2024-05-09 08:54:24,Athletics,60,Lori Sharp,46,Male
5,Oceania,Fiji,Lautoka,2024-06-20 19:38:15,Weightlifting,150,Diana Morris,43,Male
6,Africa,DR Congo,Mbuji-Mayi,2024-06-06 15:27:51,Table Tennis,150,Brian Taylor,38,Female
7,South America,Colombia,Bogotá,2024-05-05 14:22:46,Beach Volleyball,150,Victor Mccarthy MD,50,Female
8,Asia,South Korea,Incheon,2024-06-12 21:30:22,Skateboarding,60,Roger Shaw,22,Female
9,Oceania,Papua New Guinea,Arawa,2024-06-13 14:14:44,Golf,150,Pamela Kirby,38,Female
10,North America,United States,New York,2024-06-13 06:48:07,Athletics,90,Dr. Stacy Lamb,40,Male
11,North America,United States,Chicago,2024-06-19 21:16:00,Swimming,60,Christine Washington,42,Female
12,Europe,France,Lyon,2024-06-05 17:31:23,Sport Climbing,30,Connor Delgado,37,Female
13,North America,United States,Chicago,2024-06-09 06:39:34,Sport Climbing,150,Jennifer Roberts,30,Female
14,Oceania,Fiji,Suva,2024-05-29 14:28:55,Cycling,120,David Nelson,23,Male
15,Africa,Tanzania,Arusha,2024-04-26 08:52:55,Skateboarding,60,Linda Jennings,39,Female
16,South America,Brazil,São Paulo,2024-04-24 20:41:33,Diving,30,Dr. Matthew Tate,46,Male
17,North America,Mexico,Mexico City,2024-06-08 11:59:43,Karate,30,Emily Green,46,Female
18,Asia,Pakistan,Islamabad,2024-05-16 22:56:39,Karate,120,Stephen Ashley,21,Female
19,Oceania,Papua New Guinea,Arawa,2024-04-26 07:11:51,Rowing,90,Benjamin Walker,50,Male
20,Europe,France,Lyon,2024-05-07 06:29:13,Judo,30,Jennifer Duncan,50,Female
21,South America,Brazil,Rio de Janeiro,2024-05-08 18:35:57,Skateboarding,30,Vicki Lindsey,43,Male
22,Africa,Egypt,Alexandria,2024-06-12 22:23:29,Archery,120,Renee Johnson,41,Male
23,Oceania,Solomon Islands,Gizo,2024-05-04 12:57:47,Handball,60,David Williams,19,Female
24,Oceania,New Zealand,Wellington,2024-06-20 18:43:33,Cycling,90,Joshua Duarte,31,Female
25,Asia,China,Guangzhou,2024-04-25 17:47:04,Boxing,90,Gina Thomas,27,Male
26,Oceania,Papua New Guinea,Lae,2024-04-25 13:12:48,Basketball,60,Brandon Brown,45,Female
27,Africa,Ethiopia,Addis Ababa,2024-05-30 16:14:52,Handball,30,Laura Watts,39,Female
28,Africa,Egypt,Cairo,2024-06-08 22:42:58,Triathlon,90,Julian Moore,18,Male
29,Oceania,Papua New Guinea,Port Moresby,2024-04-29 11:52:51,Sailing,30,Sarah Smith,18,Female
30,Oceania,Solomon Islands,Honiara,2024-05-17 17:01:20,Football,30,Daniel Turner,45,Male
31,Oceania,Solomon Islands,Auki,2024-05-06 14:47:10,Volleyball,30,Courtney Cuevas,49,Male
32,Europe,Italy,Rome,2024-05-10 11:56:04,Badminton,60,Amy Martin,52,Male
33,Africa,Egypt,Alexandria,2024-05-01 03:25:44,Rugby Sevens,150,Angela Romero,44,Female
34,Asia,Pakistan,Islamabad,2024-05-23 21:38:42,Basketball,60,David Jones,54,Male
35,Asia,Japan,Tokyo,2024-06-10 17:42:30,Taekwondo,60,Michael Adams,53,Male
36,North America,United States,Chicago,2024-05-27 22:50:36,Tennis,90,Donna Newton,50,Female
37,Oceania,New Zealand,Wellington,2024-04-30 14:22:03,Judo,90,Amy Mccarthy,53,Male
38,North America,United States,New York,2024-04-24 15:46:09,Modern Pentathlon,90,Robert Martin,53,Male
39,Africa,Tanzania,Dar es Salaam,2024-05-02 22:31:10,Rugby Sevens,30,Benjamin Watson,31,Male
40,Africa,Egypt,Giza,2024-05-21 23:59:50,Fencing,120,Marie Powers,60,Female
41,Oceania,Papua New Guinea,Lae,2024-04-30 16:16:48,Equestrian,60,Stacey Jackson,57,Female
42,Europe,United Kingdom,Manchester,2024-04-24 13:29:18,Shooting,60,Ethan Wells,51,Male
43,North America,Mexico,Mexico City,2024-05-01 17:54:52,Cycling,150,Benjamin Patel,46,Female
44,South America,Peru,Arequipa,2024-05-08 04:44:57,Gymnastics,60,Denise Lopez,34,Male
45,Asia,China,Guangzhou,2024-04-30 18:55:13,Baseball,60,Roy Pearson,60,Female
46,Africa,Nigeria,Lagos,2024-04-29 08:43:56,Triathlon,90,Michael Carr,29,Male
47,Europe,Germany,Hamburg,2024-06-06 06:29:16,Softball,30,Teresa Hinton,54,Female
48,Asia,Pakistan,Karachi,2024-05-16 10:04:45,Weightlifting,90,April Johnson,19,Female
49,Asia,Japan,Tokyo,2024-05-10 19:56:19,Wrestling,60,Andrea Thompson,44,Male
50,Asia,China,Beijing,2024-06-15 13:12:43,Softball,90,Monica Smith,53,Female
51,Africa,Tanzania,Dodoma,2024-06-09 17:35:20,Boxing,60,Stacey Clarke,41,Female
52,Europe,Germany,Munich,2024-04-25 09:40:57,Cycling,60,Jonathan Ray,49,Female
53,South America,Venezuela,Maracaibo,2024-05-28 16:43:48,Cycling,30,Jennifer Brown,34,Male
54,Oceania,Solomon Islands,Auki,2024-04-29 06:21:14,Rugby Sevens,120,Tyler Dunn,58,Female
55,Oceania,Solomon Islands,Honiara,2024-05-23 03:33:25,Fencing,120,Jack Gomez,56,Male
56,North America,Mexico,Mexico City,2024-06-15 04:38:39,Shooting,90,Sharon Williams,30,Male
57,Asia,China,Beijing,2024-05-31 14:56:10,Athletics,120,Walter Caldwell,27,Male
58,Oceania,Solomon Islands,Auki,2024-05-05 21:48:59,Tennis,30,Joseph Terry,48,Female
59,North America,Mexico,Monterrey,2024-06-12 02:47:09,Tennis,120,Joshua Lyons,42,Male
60,South America,Colombia,Medellín,2024-04-23 00:47:51,Football,60,Laura Combs,50,Male
61,Europe,Russia,Saint Petersburg,2024-05-26 19:18:10,Archery,150,Crystal Chandler,34,Female
62,South America,Colombia,Cali,2024-05-25 14:37:20,Volleyball,120,Sabrina Reynolds,24,Male
63,Oceania,Australia,Melbourne,2024-06-16 23:30:35,Cycling,90,Ronald Mckinney,21,Male
64,South America,Colombia,Medellín,2024-06-19 01:33:34,Athletics,30,Jonathan Morales,43,Male
65,Africa,Egypt,Alexandria,2024-06-04 01:37:37,Softball,60,Patrick Harper,20,Male
66,Asia,South Korea,Seoul,2024-04-25 17:03:47,Shooting,120,Patricia Boyer,21,Male
67,North America,Canada,Toronto,2024-05-23 01:57:42,Gymnastics,30,Deborah Rodriguez,24,Female
68,South America,Brazil,Brasília,2024-05-18 14:00:54,Rugby Sevens,120,Charles Mcbride,53,Male
69,Asia,India,Mumbai,2024-06-04 18:30:51,Basketball,120,Angela White,22,Male
70,Asia,India,Delhi,2024-04-24 16:15:48,Sport Climbing,60,Catherine Kent,43,Female
71,Africa,Ethiopia,Dire Dawa,2024-06-04 10:15:31,Archery,150,Thomas Robinson,22,Male
72,Europe,United Kingdom,Manchester,2024-04-22 07:37:34,Rugby Sevens,60,Gene Wong,51,Female
73,Oceania,Fiji,Lautoka,2024-06-07 16:02:16,Water Polo,90,Elizabeth Peterson,49,Female
74,Oceania,Fiji,Suva,2024-04-27 08:33:57,Karate,60,Kristy Butler,40,Male
75,South America,Venezuela,Valencia,2024-05-24 03:37:19,Water Polo,60,Tanya Larson,43,Female
76,Oceania,Papua New Guinea,Port Moresby,2024-05-27 08:51:54,Weightlifting,60,Heather Campbell,23,Female
77,Europe,Russia,Moscow,2024-05-04 07:55:32,Judo,90,Adam Rodriguez,58,Male
78,North America,United States,Los Angeles,2024-05-17 01:38:33,Sport Climbing,120,Toni Cooper,28,Female
79,Africa,DR Congo,Lubumbashi,2024-05-04 18:48:28,Cycling,90,Amanda Dorsey,38,Male
80,Oceania,New Zealand,Wellington,2024-04-24 14:12:00,Judo,90,Marissa Simpson,28,Female
81,North America,Canada,Vancouver,2024-05-04 21:50:28,Handball,120,Joy Williams,54,Female
82,North America,Mexico,Mexico City,2024-05-12 23:13:40,Water Polo,30,Dr. Brandon Fletcher MD,44,Male
83,Africa,Nigeria,Lagos,2024-06-08 16:17:39,Water Polo,30,Robert Gordon,33,Female
84,Oceania,New Zealand,Christchurch,2024-05-17 07:12:37,Athletics,120,Christopher Carter,18,Female
85,North America,United States,Los Angeles,2024-05-02 17:11:30,Surfing,60,Aaron Benson,41,Male
86,Europe,Germany,Munich,2024-06-02 18:38:44,Triathlon,90,Mark Nguyen,42,Female
87,Asia,India,Mumbai,2024-05-22 09:09:58,Boxing,90,Haley Prince,59,Male
88,Asia,India,Mumbai,2024-06-16 12:36:27,Diving,120,Kurt Ryan,37,Female
89,South America,Venezuela,Maracaibo,2024-06-19 23:15:36,Weightlifting,30,Amy Brown,22,Male
90,Europe,France,Paris,2024-06-05 10:45:09,Sailing,90,William Ferguson,55,Female
91,North America,United States,Chicago,2024-05-29 03:47:11,Rowing,30,Cynthia Powell,35,Male
92,Oceania,New Zealand,Auckland,2024-06-16 01:23:35,Triathlon,120,Kimberly Reese,24,Male
93,Europe,United Kingdom,London,2024-05-02 17:47:29,Golf,90,Sarah Hudson,36,Female
94,North America,Canada,Toronto,2024-06-07 16:35:24,Sailing,30,Lori Kelley,33,Female
95,Europe,Italy,Rome,2024-05-04 07:32:46,Modern Pentathlon,30,Regina Wang,19,Male
96,Asia,Pakistan,Islamabad,2024-04-26 12:42:18,Skateboarding,150,Kristin Sanchez,50,Female
97,Oceania,Australia,Melbourne,2024-05-29 00:46:32,Sailing,60,Kenneth Pearson,41,Female
98,Asia,India,Delhi,2024-05-01 01:10:02,Skateboarding,90,Joseph Rich,52,Female
99,Africa,Tanzania,Dar es Salaam,2024-06-03 18:49:21,Tennis,120,Dominique Bennett,45,Female
100,Africa,Nigeria,Lagos,2024-04-30 16:14:17,Shooting,60,Steven Myers,59,Female
101,South America,Brazil,Brasília,2024-05-25 12:07:49,Beach Volleyball,60,Jennifer Kelly,50,Male
102,Europe,Germany,Munich,2024-05-19 15:58:31,Athletics,60,Jordan Williamson,28,Male
103,Europe,Italy,Rome,2024-06-16 04:16:02,Judo,30,John Matthews,35,Male
104,South America,Venezuela,Caracas,2024-05-03 09:52:21,Water Polo,60,Rebecca Thomas,42,Female
105,North America,Canada,Vancouver,2024-05-13 22:22:45,Triathlon,120,Marcus Gray,48,Male
106,Europe,Russia,Moscow,2024-05-31 02:13:44,Surfing,30,Miss Tamara Sellers,51,Female
107,Asia,Pakistan,Karachi,2024-05-21 06:26:50,Beach Volleyball,30,Joseph Anderson,44,Male
108,South America,Argentina,Rosario,2024-05-26 06:46:44,Swimming,150,Kara Clark,52,Female
109,Oceania,Solomon Islands,Honiara,2024-05-06 19:52:04,Handball,90,Wendy Saunders,24,Female
110,South America,Argentina,Buenos Aires,2024-05-07 17:33:52,Diving,60,Christine Esparza,23,Male
111,Oceania,Solomon Islands,Gizo,2024-05-22 22:27:07,Field Hockey,150,Sean Thomas,18,Female
112,Africa,Tanzania,Arusha,2024-05-16 20:22:31,Wrestling,120,Emily Douglas,28,Male
113,North America,Canada,Vancouver,2024-06-18 10:33:48,Water Polo,30,Joseph Thornton,49,Female
114,Africa,Nigeria,Kano,2024-06-18 07:48:50,Swimming,30,Shane Miranda,35,Female
115,North America,Mexico,Monterrey,2024-04-30 01:03:03,Boxing,30,Andrew Mercado,54,Male
116,Asia,India,Mumbai,2024-06-06 05:43:08,Fencing,90,Karen Brown,43,Male
117,Asia,China,Guangzhou,2024-06-15 23:13:58,Football,30,Joyce Graham MD,27,Female
118,Asia,India,Delhi,2024-06-18 18:57:54,Shooting,30,Terri Wilcox,24,Female
119,Oceania,Solomon Islands,Honiara,2024-05-11 12:42:53,Skateboarding,150,Richard Reyes,59,Male
120,Oceania,Fiji,Nadi,2024-06-03 23:46:22,Boxing,150,Joy Ray,33,Female
121,Asia,India,Mumbai,2024-06-02 19:22:01,Volleyball,120,Erica Bailey,58,Female
122,South America,Brazil,Rio de Janeiro,2024-05-02 21:09:28,Cycling,90,Michelle Hayes,56,Male
123,North America,Mexico,Monterrey,2024-06-02 23:42:14,Water Polo,90,Amy Massey,54,Female
124,Asia,China,Beijing,2024-06-11 05:07:36,Modern Pentathlon,60,Gregory Peterson,44,Female
125,Oceania,New Zealand,Wellington,2024-06-02 16:21:56,Modern Pentathlon,150,Jordan Murray,47,Female
126,Oceania,New Zealand,Christchurch,2024-05-13 17:54:36,Fencing,120,Alexis Taylor,31,Male
127,South America,Brazil,Brasília,2024-05-17 16:20:17,Gymnastics,30,Mrs. Sarah Carlson,55,Male
128,South America,Peru,Lima,2024-05-01 21:38:37,Softball,90,Brandon Bryant,50,Male
129,Africa,Ethiopia,Dire Dawa,2024-05-16 10:22:06,Badminton,120,Charles Ward,27,Male
130,Africa,Egypt,Alexandria,2024-05-15 20:06:06,Diving,150,Katelyn Thompson,54,Female
131,Africa,Egypt,Giza,2024-05-21 02:03:23,Fencing,60,Kimberly Gonzales,46,Female
132,Oceania,Papua New Guinea,Arawa,2024-06-14 10:24:58,Table Tennis,120,Stephanie Johnson,50,Male
133,North America,Mexico,Monterrey,2024-05-08 20:55:24,Equestrian,120,Juan Bryant,38,Female
134,South America,Argentina,Buenos Aires,2024-05-03 01:45:07,Modern Pentathlon,120,Mary Allen,49,Male
135,South America,Peru,Cusco,2024-06-10 08:18:44,Modern Pentathlon,90,Jerry Anderson,28,Male
136,South America,Colombia,Medellín,2024-05-16 01:50:29,Karate,150,Heather Jones,42,Female
137,South America,Colombia,Medellín,2024-06-07 21:07:22,Softball,90,Jordan Young,24,Female
138,Europe,Russia,Novosibirsk,2024-05-17 23:05:21,Boxing,30,David Miller,22,Male
139,North America,United States,New York,2024-04-24 14:47:26,Weightlifting,90,Erin Bryan,26,Male
140,Europe,Russia,Novosibirsk,2024-06-13 02:13:09,Weightlifting,120,Leonard Jones,50,Female
141,Oceania,Australia,Melbourne,2024-05-05 13:16:46,Shooting,120,Laura Warren,48,Female
142,Africa,Tanzania,Dar es Salaam,2024-05-03 16:15:35,Sailing,30,Hailey Morris,19,Female
143,Asia,China,Shanghai,2024-06-14 02:48:36,Gymnastics,150,Morgan Rodriguez,40,Female
144,Asia,China,Beijing,2024-05-15 14:23:23,Taekwondo,120,Rachel Collins,23,Female
145,Asia,South Korea,Incheon,2024-06-08 12:21:22,Tennis,60,Ashley Gonzalez,41,Male
146,North America,Mexico,Monterrey,2024-05-17 23:07:03,Rugby Sevens,60,Shannon Allen,58,Male
147,South America,Brazil,São Paulo,2024-04-29 15:57:17,Modern Pentathlon,60,Jacqueline Miller,38,Female
148,Oceania,Papua New Guinea,Lae,2024-05-28 11:53:22,Shooting,60,Michael Banks,42,Female
149,North America,Mexico,Guadalajara,2024-05-29 00:09:14,Football,60,Jennifer Harrell,53,Male
150,Oceania,Solomon Islands,Honiara,2024-06-10 20:48:47,Cycling,60,James Hernandez,38,Female
151,North America,United States,Los Angeles,2024-05-15 07:32:06,Modern Pentathlon,60,John Beasley,38,Male
152,North America,Mexico,Mexico City,2024-06-13 21:12:20,Table Tennis,150,Cameron Hernandez,18,Female
153,Asia,India,Delhi,2024-04-29 18:52:57,Sport Climbing,60,Connie Reed,30,Female
154,Oceania,Fiji,Lautoka,2024-06-14 17:24:31,Volleyball,60,William Mills,39,Male
155,Africa,Nigeria,Lagos,2024-06-05 01:38:20,Basketball,120,Jonathan Haley,44,Female
156,Europe,France,Lyon,2024-04-26 05:19:49,Baseball,150,Danny Wilson,46,Female
157,Africa,Nigeria,Kano,2024-06-20 06:50:03,Gymnastics,150,Matthew Bradley,57,Female
158,South America,Argentina,Buenos Aires,2024-06-19 13:30:51,Rowing,120,Jeanne Delgado,34,Male
159,North America,Canada,Toronto,2024-05-26 11:27:38,Table Tennis,150,Deanna Sullivan,35,Male
160,Oceania,Papua New Guinea,Port Moresby,2024-05-10 13:31:38,Modern Pentathlon,150,Tonya Larsen,50,Female
161,Africa,Nigeria,Abuja,2024-06-03 08:05:45,Diving,90,Crystal Butler,39,Female
162,Oceania,Solomon Islands,Honiara,2024-06-11 12:56:30,Swimming,120,Christopher Smith,24,Female
163,Oceania,Papua New Guinea,Lae,2024-06-02 18:18:22,Rowing,60,Jeffrey Smith,40,Female
164,Europe,United Kingdom,Manchester,2024-05-07 20:39:55,Taekwondo,30,Adam Hess,37,Male
165,Africa,Ethiopia,Mekelle,2024-04-25 12:11:23,Skateboarding,30,Olivia Sanchez,20,Female
166,North America,Mexico,Mexico City,2024-04-26 21:01:06,Rowing,60,Kimberly Cross,55,Female
167,Oceania,Papua New Guinea,Lae,2024-06-05 11:04:38,Water Polo,30,Heather Pearson,21,Female
168,South America,Colombia,Cali,2024-06-04 18:53:20,Modern Pentathlon,30,Lydia Freeman,32,Male
169,Oceania,New Zealand,Auckland,2024-06-09 13:33:23,Basketball,120,David Reed,55,Female
170,Europe,United Kingdom,Manchester,2024-06-16 22:58:27,Equestrian,30,David Lewis,46,Female
171,Africa,Nigeria,Lagos,2024-06-12 06:26:24,Shooting,30,Tiffany Blankenship,51,Male
172,Europe,Germany,Berlin,2024-05-22 23:30:30,Gymnastics,30,Michael Grant,51,Male
173,Africa,Egypt,Cairo,2024-06-01 03:26:37,Shooting,150,Beth Patel,39,Male
174,Europe,United Kingdom,London,2024-06-13 14:30:40,Wrestling,60,Jennifer Novak,32,Female
175,Africa,Ethiopia,Addis Ababa,2024-05-06 18:13:44,Tennis,30,Melissa Adams,39,Male
176,Oceania,Papua New Guinea,Port Moresby,2024-05-19 12:15:48,Badminton,30,Richard Wilcox,29,Female
177,Europe,Italy,Naples,2024-06-04 18:28:50,Athletics,120,Emily Taylor,41,Female
178,South America,Peru,Lima,2024-05-24 14:19:16,Swimming,60,Wesley Mack,42,Female
179,North America,Mexico,Monterrey,2024-06-03 03:50:43,Shooting,30,Margaret Perry,33,Male
180,Africa,Nigeria,Abuja,2024-06-16 14:41:16,Modern Pentathlon,60,Adam Oliver,26,Female
181,North America,Mexico,Mexico City,2024-05-08 03:55:37,Field Hockey,150,Jason Owens,50,Female
182,Africa,Ethiopia,Addis Ababa,2024-06-01 01:09:02,Surfing,60,David Johnson MD,41,Female
183,South America,Brazil,São Paulo,2024-04-27 00:16:03,Beach Volleyball,90,Anthony Higgins,27,Male
184,South America,Peru,Arequipa,2024-06-09 17:03:18,Karate,120,Alexandra Fields,49,Male
185,Africa,Egypt,Cairo,2024-04-22 03:36:23,Boxing,30,Michael Green,48,Female
186,South America,Colombia,Cali,2024-05-09 17:00:46,Skateboarding,30,April Christensen,32,Female
187,Oceania,Fiji,Lautoka,2024-06-18 23:53:17,Taekwondo,120,Michael Wood,57,Female
188,Oceania,Australia,Melbourne,2024-06-18 05:35:45,Taekwondo,150,Stephen Bruce,23,Female
189,Oceania,New Zealand,Auckland,2024-06-02 13:13:42,Surfing,90,Timothy Buchanan,39,Female
190,Europe,France,Paris,2024-04-27 00:25:47,Boxing,90,Dr. Larry Contreras,55,Female
191,North America,Mexico,Mexico City,2024-04-30 06:05:02,Shooting,30,Dakota Cooper,44,Male
192,South America,Peru,Lima,2024-04-27 15:42:49,Basketball,60,Douglas Stewart,25,Male
193,Europe,Italy,Rome,2024-05-28 23:03:02,Badminton,90,Rachel Marshall,39,Female
194,Oceania,New Zealand,Wellington,2024-06-16 12:08:37,Taekwondo,120,Mark Lawson,25,Female
195,Africa,Nigeria,Abuja,2024-06-20 16:48:15,Rowing,150,Ms. Stacy Nolan,44,Male
196,Asia,Japan,Osaka,2024-06-09 02:15:10,Equestrian,120,Laura Johnson,28,Male
197,North America,Mexico,Mexico City,2024-05-25 16:43:46,Softball,30,Rachel George,20,Female
198,Asia,Pakistan,Karachi,2024-04-29 13:55:44,Volleyball,30,Shaun Wallace,42,Female
199,North America,Mexico,Guadalajara,2024-05-13 01:25:07,Field Hockey,60,Jackson Mullins,41,Male
200,Europe,Germany,Berlin,2024-04-30 08:55:52,Rugby Sevens,60,Robert Lang,26,Male
201,Asia,Japan,Osaka,2024-06-13 01:53:45,Baseball,60,Brandon Higgins,47,Male
202,Asia,India,Mumbai,2024-04-22 03:47:20,Handball,30,Lauren Wright,27,Male
203,Africa,Nigeria,Kano,2024-05-31 21:40:18,Fencing,120,Robin Esparza,46,Male
204,Europe,Italy,Milan,2024-05-15 01:50:49,Archery,150,Tiffany Carter,58,Female
205,North America,Canada,Toronto,2024-06-10 08:56:54,Fencing,60,Chelsea Clark,20,Male
206,Asia,South Korea,Seoul,2024-05-16 18:18:55,Archery,150,Victor Compton,47,Female
207,Asia,Japan,Tokyo,2024-06-07 05:44:19,Rowing,60,Darlene Coleman,55,Female
208,South America,Argentina,Córdoba,2024-05-02 16:30:43,Cycling,150,Derrick Fisher,56,Male
209,South America,Brazil,São Paulo,2024-05-29 22:08:03,Cycling,90,Erik King,44,Female
210,Europe,Germany,Munich,2024-05-27 16:30:14,Weightlifting,90,Kelli Vega,39,Female
211,Asia,China,Beijing,2024-04-24 06:59:44,Gymnastics,90,Charles Mason,47,Male
212,South America,Peru,Arequipa,2024-05-06 01:46:58,Swimming,60,Michael Ramos,29,Male
213,Oceania,Fiji,Lautoka,2024-05-09 01:02:10,Boxing,30,Christopher Miller,25,Male
214,Africa,Ethiopia,Addis Ababa,2024-05-11 08:03:51,Triathlon,90,Barbara Taylor,56,Female
215,North America,Mexico,Mexico City,2024-05-05 01:18:18,Tennis,60,Dr. Michael Russell DVM,36,Male
216,Africa,Egypt,Alexandria,2024-06-20 04:12:58,Badminton,150,Stephanie Bass,51,Female
217,Africa,Nigeria,Abuja,2024-05-20 18:06:42,Equestrian,90,Joshua Scott,53,Female
218,North America,Mexico,Monterrey,2024-05-19 12:37:27,Archery,30,Amy Marshall,46,Male
219,North America,Canada,Vancouver,2024-04-22 05:34:21,Volleyball,90,David Peterson,42,Male
220,Oceania,Solomon Islands,Honiara,2024-05-19 11:33:03,Beach Volleyball,30,Melissa Collins,57,Female
221,South America,Brazil,Brasília,2024-05-13 05:25:23,Shooting,60,Martin Mitchell,58,Female
222,Oceania,New Zealand,Christchurch,2024-05-29 19:13:49,Field Hockey,150,Ryan Gray,56,Male
223,Oceania,Solomon Islands,Honiara,2024-06-05 23:03:25,Athletics,60,James Perkins,41,Female
224,Asia,China,Shanghai,2024-05-22 16:17:29,Gymnastics,60,Miranda Nichols,57,Female
225,North America,Mexico,Guadalajara,2024-06-07 07:55:59,Badminton,60,Morgan Steele,36,Male
226,Oceania,Solomon Islands,Honiara,2024-05-22 22:07:10,Basketball,150,Ashley Scott,24,Female
227,South America,Peru,Arequipa,2024-05-27 07:15:01,Judo,150,Austin Irwin,53,Female
228,Europe,Italy,Milan,2024-06-17 17:15:44,Beach Volleyball,150,Brittany Evans,25,Female
229,South America,Peru,Cusco,2024-05-24 20:25:27,Sport Climbing,30,Janice Clements,48,Female
230,Asia,China,Beijing,2024-05-25 18:36:25,Beach Volleyball,90,Deanna Harris,42,Male
231,Europe,Russia,Saint Petersburg,2024-04-24 05:29:12,Judo,60,Tina James,35,Male
232,Asia,India,Mumbai,2024-06-10 14:38:10,Field Hockey,30,Daniel Smith,28,Female
233,Africa,Egypt,Giza,2024-05-31 15:34:23,Tennis,60,Kimberly Carey,28,Female
234,North America,Canada,Toronto,2024-05-21 00:11:55,Sailing,60,Theresa Morris,32,Male
235,South America,Peru,Arequipa,2024-04-27 15:43:37,Basketball,30,Charles Holmes,47,Male
236,North America,Canada,Montreal,2024-05-25 19:37:32,Shooting,30,Ebony Hall,46,Male
237,Europe,France,Paris,2024-05-30 14:21:03,Gymnastics,90,William Peterson,22,Female
238,North America,United States,New York,2024-04-24 01:19:17,Wrestling,90,Sara Riggs,19,Male
239,North America,United States,Los Angeles,2024-05-15 10:28:07,Baseball,30,Maxwell Trujillo,20,Male
240,Oceania,New Zealand,Wellington,2024-05-05 17:39:28,Sport Climbing,90,Jonathan Jones,29,Female
241,Africa,Tanzania,Dar es Salaam,2024-05-25 06:39:13,Baseball,60,Brandon Martinez,33,Male
242,Europe,Italy,Milan,2024-05-25 05:18:31,Handball,60,Michelle Herring,25,Male
243,Europe,Germany,Hamburg,2024-05-17 11:23:07,Shooting,120,Danny Pennington,56,Male
244,North America,Mexico,Monterrey,2024-06-14 19:43:50,Baseball,120,Caitlin Nelson,42,Female
245,Oceania,Australia,Melbourne,2024-05-28 22:50:44,Golf,90,Danielle Garcia,34,Male
246,Africa,DR Congo,Kinshasa,2024-04-25 03:19:27,Wrestling,120,Emily Johnson,30,Female
247,Oceania,New Zealand,Auckland,2024-06-03 16:49:52,Wrestling,60,Laurie Simmons,30,Female
248,Africa,Ethiopia,Mekelle,2024-04-25 02:39:33,Boxing,90,Judy Maddox,49,Male
249,Africa,DR Congo,Lubumbashi,2024-05-26 07:45:51,Football,90,Nicole Maddox,27,Male
250,Asia,South Korea,Incheon,2024-05-12 20:19:17,Baseball,150,Douglas Tyler,41,Female
251,Asia,Pakistan,Islamabad,2024-04-30 01:58:35,Boxing,60,Jonathan Rowe,41,Male
252,Africa,Egypt,Giza,2024-06-19 14:05:32,Tennis,90,Nicole Thornton,21,Male
253,Oceania,Fiji,Suva,2024-04-27 05:20:52,Field Hockey,120,Jody Taylor,33,Female
254,North America,United States,Los Angeles,2024-05-29 02:55:55,Cycling,90,Jonathan Haas,55,Female
255,Africa,Ethiopia,Mekelle,2024-04-24 03:11:17,Football,30,Jennifer Lozano,27,Male
256,Oceania,Australia,Sydney,2024-05-17 02:28:30,Cycling,60,Joseph Ali,48,Male
257,Asia,China,Beijing,2024-06-17 05:47:19,Diving,60,Stacy Jacobson,20,Male
258,South America,Argentina,Rosario,2024-06-07 08:12:11,Shooting,150,Jeffery Gilbert,21,Male
259,Asia,Pakistan,Islamabad,2024-05-08 19:38:08,Golf,90,Colleen Evans,35,Female
260,Asia,South Korea,Seoul,2024-04-25 23:21:17,Cycling,150,Alexis Jordan,30,Male
261,Africa,Egypt,Alexandria,2024-05-10 15:39:07,Beach Volleyball,120,Denise Sanchez,27,Female
262,Africa,Egypt,Giza,2024-05-15 00:58:44,Volleyball,120,Justin Long,36,Male
263,Europe,Germany,Berlin,2024-06-12 08:11:15,Boxing,150,Brent Ruiz,34,Male
264,South America,Brazil,Brasília,2024-06-03 04:44:58,Judo,120,Danny Watson,50,Female
265,Africa,Tanzania,Dodoma,2024-05-14 09:59:23,Weightlifting,120,Haley Nixon,41,Female
266,North America,Mexico,Guadalajara,2024-06-15 02:43:05,Basketball,120,Thomas Douglas,54,Male
267,Asia,South Korea,Busan,2024-06-05 11:17:39,Karate,30,Kathleen Garcia,54,Male
268,North America,Canada,Vancouver,2024-05-16 04:14:18,Judo,90,Michael Harris,29,Female
269,Europe,Russia,Saint Petersburg,2024-04-22 03:54:59,Modern Pentathlon,120,Christian Nichols,52,Male
270,Europe,Russia,Moscow,2024-06-01 08:56:27,Skateboarding,90,Jonathan Montes,30,Female
271,South America,Argentina,Rosario,2024-06-04 00:08:15,Rowing,120,Brenda Kelly,21,Female
272,South America,Peru,Lima,2024-06-17 20:46:04,Football,30,Brittany Underwood,46,Female
273,South America,Colombia,Medellín,2024-05-07 05:35:22,Water Polo,30,Clayton Dennis,55,Female
274,Africa,Nigeria,Abuja,2024-06-04 08:36:11,Softball,60,Michael Walters,26,Female
275,North America,Mexico,Monterrey,2024-04-21 22:21:44,Volleyball,60,Catherine White,23,Female
276,South America,Peru,Lima,2024-05-14 13:01:46,Tennis,90,Adam Cooke,51,Male
277,Africa,Tanzania,Dar es Salaam,2024-05-26 08:17:37,Judo,60,Stephanie Montgomery,54,Male
278,Oceania,Solomon Islands,Honiara,2024-06-09 15:03:19,Water Polo,150,Zachary Robertson,28,Male
279,Africa,DR Congo,Lubumbashi,2024-05-14 22:06:54,Weightlifting,30,Jeremy Harper,49,Female
280,Asia,South Korea,Seoul,2024-05-09 21:15:42,Handball,30,Jackie Norris,59,Female
281,South America,Brazil,Rio de Janeiro,2024-05-24 14:11:21,Softball,90,Jordan Gordon,19,Male
282,Asia,India,Delhi,2024-06-05 00:28:47,Judo,60,Angela Brown,40,Male
283,Oceania,New Zealand,Wellington,2024-06-08 17:04:54,Wrestling,90,Valerie Barton,42,Female
284,South America,Argentina,Córdoba,2024-06-10 04:47:55,Modern Pentathlon,60,Caitlin Wright,55,Female
285,North America,Canada,Vancouver,2024-05-09 23:04:44,Golf,120,Elizabeth Williamson,56,Female
286,South America,Venezuela,Valencia,2024-06-15 08:16:19,Cycling,150,Johnny Long,24,Male
287,Asia,Pakistan,Lahore,2024-04-23 15:48:12,Skateboarding,30,William Medina,39,Male
288,Asia,Pakistan,Lahore,2024-05-26 23:56:24,Rowing,60,Martin Schaefer,30,Male
289,Europe,Germany,Hamburg,2024-05-26 16:52:02,Sport Climbing,30,Jeffrey Smith,35,Female
290,Oceania,Fiji,Suva,2024-06-11 20:26:25,Archery,60,Erin Alexander,35,Male
291,Asia,India,Mumbai,2024-05-28 16:51:04,Softball,120,Richard Alvarez,31,Male
292,South America,Brazil,Rio de Janeiro,2024-06-16 14:07:53,Badminton,150,Darren Nichols,44,Male
293,South America,Colombia,Bogotá,2024-05-17 06:06:31,Archery,90,Jeffrey Villanueva,60,Female
294,South America,Venezuela,Caracas,2024-05-08 16:32:31,Wrestling,150,Jessica Moody,35,Male
295,Oceania,Australia,Melbourne,2024-05-28 05:59:10,Weightlifting,90,Patricia Ritter,47,Male
296,South America,Venezuela,Valencia,2024-06-04 01:03:59,Fencing,120,Megan Allen,25,Male
297,South America,Peru,Cusco,2024-06-05 16:50:44,Cycling,120,Amanda Davis,32,Male
298,North America,Canada,Toronto,2024-06-09 13:04:31,Tennis,150,Edward Brown,45,Female
299,Europe,United Kingdom,London,2024-04-25 06:53:12,Judo,60,Robert Saunders,56,Female
300,Europe,United Kingdom,London,2024-06-06 05:46:00,Basketball,90,Felicia Pierce,29,Male
301,Europe,Italy,Rome,2024-05-17 12:18:16,Water Polo,30,Catherine King,38,Male
302,South America,Peru,Cusco,2024-05-24 19:18:33,Rowing,120,Ryan Jackson,35,Female
303,Asia,Pakistan,Islamabad,2024-06-19 13:31:48,Modern Pentathlon,30,Brian Murray,26,Female
304,Oceania,Solomon Islands,Gizo,2024-05-08 23:41:37,Fencing,30,Nathan Suarez,32,Female
305,Europe,United Kingdom,Manchester,2024-06-05 16:31:37,Gymnastics,150,Joshua Jones,45,Female
306,Europe,United Kingdom,London,2024-05-25 05:41:04,Table Tennis,30,Jenna Walker,52,Male
307,Oceania,Australia,Melbourne,2024-05-17 17:18:16,Softball,30,Stacey Montgomery,26,Female
308,South America,Brazil,São Paulo,2024-05-06 05:47:11,Basketball,150,Jennifer Taylor,53,Male
309,North America,United States,Chicago,2024-05-07 13:50:43,Surfing,30,John Kent,28,Male
310,Asia,Japan,Tokyo,2024-05-07 10:46:36,Golf,120,Sarah Vasquez,46,Male
311,South America,Argentina,Buenos Aires,2024-05-02 00:56:31,Badminton,30,Elizabeth White,59,Male
312,Asia,Pakistan,Islamabad,2024-05-02 02:47:44,Golf,60,William Parker,20,Male
313,North America,Canada,Vancouver,2024-06-13 23:42:34,Equestrian,120,Janice Brown,22,Female
314,Oceania,Papua New Guinea,Port Moresby,2024-06-11 02:10:29,Surfing,60,John Gray,55,Male
315,North America,Canada,Toronto,2024-04-27 06:39:16,Beach Volleyball,30,Jeffrey Newman,39,Male
316,South America,Argentina,Buenos Aires,2024-05-11 04:45:57,Triathlon,60,Edward Neal,31,Female
317,North America,United States,Chicago,2024-04-28 19:51:06,Sailing,30,Richard Petersen,33,Female
318,North America,Canada,Toronto,2024-04-30 05:34:46,Handball,120,James Thompson,23,Female
319,Africa,Tanzania,Dodoma,2024-05-03 09:07:58,Table Tennis,120,Kenneth Smith III,43,Male
320,Asia,Japan,Osaka,2024-05-14 07:15:38,Wrestling,120,Ryan Hill,57,Male
321,Asia,Japan,Tokyo,2024-05-29 16:21:43,Sport Climbing,30,David Smith,49,Female
322,South America,Peru,Cusco,2024-05-01 01:39:17,Beach Volleyball,90,Michelle Terrell PhD,29,Female
323,North America,Canada,Montreal,2024-06-19 15:55:02,Athletics,60,Dana Ramirez,53,Female
324,Africa,Egypt,Alexandria,2024-06-07 11:19:37,Baseball,30,Jill Wise,38,Male
325,North America,United States,Chicago,2024-05-07 03:34:01,Gymnastics,60,Christopher Jensen,37,Male
326,Asia,China,Shanghai,2024-05-19 15:20:51,Athletics,30,Mark Melendez,29,Male
327,North America,Canada,Toronto,2024-06-11 19:37:45,Football,30,Cynthia Rodriguez,50,Male
328,Africa,Egypt,Giza,2024-04-27 12:51:11,Beach Volleyball,150,Ronald Evans,34,Male
329,Africa,DR Congo,Lubumbashi,2024-05-09 18:42:46,Sport Climbing,90,Jennifer Duran,26,Male
330,North America,United States,Los Angeles,2024-05-15 12:21:45,Football,90,Jordan Jennings,25,Female
331,South America,Argentina,Rosario,2024-05-03 22:50:57,Tennis,120,Shawn Pearson,38,Male
332,North America,Mexico,Monterrey,2024-05-12 00:41:33,Softball,30,Diane Mccormick,51,Female
333,Asia,South Korea,Incheon,2024-06-15 03:38:44,Cycling,120,Brett Lara,53,Male
334,Asia,Pakistan,Lahore,2024-06-13 13:47:02,Weightlifting,60,Melissa Johns,53,Female
335,Europe,United Kingdom,Birmingham,2024-05-21 17:46:45,Archery,120,Christina Schroeder,24,Male
336,Oceania,Fiji,Nadi,2024-06-20 18:57:21,Wrestling,90,Sarah Wiley,56,Male
337,South America,Colombia,Bogotá,2024-06-09 21:15:58,Weightlifting,30,Terry Mason,58,Female
338,South America,Argentina,Buenos Aires,2024-06-20 05:53:29,Judo,60,Leon Smith,31,Female
339,Oceania,Papua New Guinea,Arawa,2024-05-29 09:37:55,Rugby Sevens,90,Joseph Miller,31,Male
340,Asia,Pakistan,Islamabad,2024-04-23 16:15:34,Taekwondo,60,Mark Knapp,36,Male
341,North America,Canada,Vancouver,2024-06-17 19:37:39,Boxing,60,Amy Bryant,30,Male
342,Europe,France,Paris,2024-06-08 18:16:52,Tennis,150,Amy Shepard,57,Female
343,Africa,Tanzania,Dar es Salaam,2024-06-04 13:40:03,Archery,60,Walter Gonzalez,39,Female
344,Africa,Nigeria,Abuja,2024-05-05 09:58:06,Shooting,30,Keith White,41,Female
345,South America,Argentina,Córdoba,2024-05-12 10:15:46,Cycling,60,Amanda Beck,38,Female
346,Asia,Pakistan,Islamabad,2024-05-17 10:03:51,Beach Volleyball,150,Andrew Madden,47,Female
347,Europe,United Kingdom,Manchester,2024-05-07 16:50:38,Athletics,150,Evelyn Suarez,54,Female
348,Asia,China,Shanghai,2024-05-03 10:56:16,Gymnastics,120,Sarah Robbins,20,Male
349,South America,Argentina,Córdoba,2024-06-14 11:18:22,Karate,30,Lisa Mendez,22,Female
350,Africa,Egypt,Alexandria,2024-04-27 12:15:30,Shooting,150,Daniel Thomas MD,46,Male
351,Africa,Tanzania,Dodoma,2024-05-28 11:16:50,Swimming,30,Brent Washington MD,57,Female
352,Europe,Germany,Hamburg,2024-04-25 05:37:19,Rugby Sevens,30,Jeffery Morris,31,Female
353,North America,United States,Los Angeles,2024-05-18 15:27:36,Rowing,60,Arthur Davis,53,Female
354,Asia,China,Shanghai,2024-05-21 08:07:57,Basketball,150,Joshua Banks,52,Male
355,South America,Venezuela,Valencia,2024-06-01 14:23:46,Wrestling,150,Kyle Gregory,32,Female
356,North America,Mexico,Guadalajara,2024-05-04 09:55:57,Field Hockey,30,Heather Davis,24,Male
357,Europe,Italy,Rome,2024-05-28 10:28:51,Volleyball,150,Dennis Bauer,21,Male
358,South America,Argentina,Buenos Aires,2024-05-14 08:51:24,Basketball,60,Jody Torres,26,Female
359,Africa,Egypt,Cairo,2024-04-25 18:17:52,Athletics,30,Joseph Henderson,43,Male
360,Africa,DR Congo,Lubumbashi,2024-06-03 12:01:35,Field Hockey,60,Ashley Miller,32,Female
361,North America,United States,Chicago,2024-05-30 13:52:44,Beach Volleyball,90,Dr. Sherri Lucero,43,Female
362,Oceania,Solomon Islands,Honiara,2024-05-11 10:36:13,Surfing,90,Kathleen Roy,18,Male
363,North America,United States,Chicago,2024-06-08 15:49:25,Diving,60,Brett Davis Jr.,50,Male
364,Oceania,Australia,Sydney,2024-05-08 10:47:49,Archery,60,Leah Lane,45,Male
365,South America,Venezuela,Caracas,2024-04-23 14:22:41,Handball,30,Isabella Clark,43,Male
366,South America,Brazil,São Paulo,2024-05-21 00:44:16,Volleyball,30,Sherry Martinez,44,Female
367,Asia,India,Bangalore,2024-04-30 14:07:15,Judo,30,Patrick Cooke,47,Female
368,Oceania,Australia,Sydney,2024-06-11 05:05:32,Table Tennis,90,Dennis Salazar,28,Female
369,Europe,Russia,Novosibirsk,2024-04-23 04:40:59,Volleyball,90,Jacob Travis,58,Male
370,Africa,Nigeria,Abuja,2024-05-04 09:19:31,Surfing,90,Joseph Edwards,60,Female
371,North America,Canada,Montreal,2024-06-18 14:19:28,Archery,120,Jeremy Brooks,26,Female
372,Africa,Nigeria,Kano,2024-06-14 05:06:57,Shooting,30,Stephen Turner,54,Female
373,South America,Brazil,São Paulo,2024-05-27 05:51:47,Gymnastics,30,Keith West,25,Male
374,Asia,India,Bangalore,2024-05-17 19:06:48,Archery,150,Mr. Brandon Kennedy,55,Male
375,Europe,France,Marseille,2024-05-28 06:30:12,Sailing,150,Candice Mitchell,27,Female
376,Oceania,Australia,Brisbane,2024-06-07 19:30:40,Karate,150,Michelle Shaw,58,Female
377,Asia,Japan,Osaka,2024-05-30 02:00:51,Softball,30,Kathy Lopez,43,Male
378,Oceania,Papua New Guinea,Port Moresby,2024-06-07 03:51:05,Sport Climbing,60,Dr. Justin Martin,26,Female
379,Asia,China,Beijing,2024-05-27 02:21:56,Shooting,30,Mariah Mendoza,29,Female
380,Oceania,New Zealand,Wellington,2024-05-31 08:29:08,Table Tennis,60,Mariah Garcia,55,Female
381,Africa,Nigeria,Kano,2024-06-08 08:09:30,Surfing,60,Alicia Stewart,22,Female
382,North America,Canada,Montreal,2024-05-17 23:54:24,Softball,150,Jessica Rocha,51,Female
383,Africa,DR Congo,Lubumbashi,2024-05-29 21:56:05,Karate,120,Linda Davis,58,Male
384,Africa,Tanzania,Arusha,2024-06-13 09:25:08,Sport Climbing,30,Angela Cole,46,Female
385,Europe,Russia,Saint Petersburg,2024-06-02 23:03:56,Diving,90,Matthew Hopkins,20,Female
386,North America,Mexico,Guadalajara,2024-04-24 08:36:50,Rugby Sevens,90,Michael Hicks,26,Female
387,Asia,South Korea,Seoul,2024-05-17 00:59:49,Rowing,150,Edward Avery,26,Male
388,Africa,Nigeria,Kano,2024-04-24 14:55:59,Beach Volleyball,120,Luis Chang,56,Male
389,Europe,United Kingdom,Birmingham,2024-05-27 06:32:52,Field Hockey,90,Ronald Ruiz,41,Male
390,South America,Peru,Lima,2024-05-23 01:10:18,Softball,90,Cindy Clay,33,Male
391,Europe,Russia,Novosibirsk,2024-06-13 06:37:21,Karate,30,Clinton Pierce,31,Female
392,Asia,Japan,Osaka,2024-06-13 16:56:36,Equestrian,60,Lindsey Davis,23,Female
393,South America,Venezuela,Caracas,2024-05-24 17:50:12,Baseball,90,Sheila Allen,39,Female
394,Oceania,Papua New Guinea,Arawa,2024-05-25 22:37:39,Wrestling,30,William Hall,36,Female
395,Oceania,Fiji,Nadi,2024-05-18 11:33:14,Sailing,30,Gina Warren,21,Female
396,Asia,China,Shanghai,2024-05-23 20:26:14,Volleyball,30,Mark Miller,55,Female
397,Oceania,Fiji,Suva,2024-05-15 15:09:59,Fencing,30,Sonya Ryan,40,Male
398,Africa,Egypt,Cairo,2024-05-10 10:18:31,Basketball,90,Stephanie Torres,47,Female
399,Oceania,New Zealand,Wellington,2024-06-09 16:44:54,Weightlifting,120,Johnny Mitchell,38,Female
400,Oceania,Australia,Brisbane,2024-06-03 19:24:26,Volleyball,120,Dustin Jones,45,Male
401,South America,Brazil,São Paulo,2024-04-29 21:49:57,Skateboarding,60,Gina Davis,52,Female
402,Europe,France,Paris,2024-06-18 16:09:32,Table Tennis,150,Curtis Green,28,Female
403,Europe,Russia,Moscow,2024-06-16 06:22:47,Table Tennis,120,Keith Day,19,Male
404,Africa,Egypt,Giza,2024-05-11 03:56:07,Fencing,60,Jason Hays,58,Female
405,North America,Mexico,Monterrey,2024-05-11 15:51:44,Sport Climbing,60,David Greene,37,Female
406,Oceania,Australia,Melbourne,2024-06-02 14:45:30,Judo,150,Kevin Parker,49,Male
407,Africa,Tanzania,Dodoma,2024-05-14 08:02:43,Baseball,60,Andres Whitney,42,Female
408,Africa,Tanzania,Dodoma,2024-05-26 19:15:53,Volleyball,120,Felicia Hurst,60,Female
409,Europe,Germany,Hamburg,2024-05-08 12:38:00,Gymnastics,60,Timothy Weaver,40,Female
410,Asia,Pakistan,Karachi,2024-05-24 19:07:36,Rugby Sevens,60,Hayley Snyder,39,Male
411,Oceania,New Zealand,Auckland,2024-06-04 01:55:24,Sailing,150,Laura Powell,59,Female
412,Asia,Pakistan,Islamabad,2024-05-21 07:20:37,Triathlon,90,Barbara Nelson,58,Female
413,Africa,DR Congo,Lubumbashi,2024-05-12 11:36:49,Taekwondo,60,Walter Cruz,28,Female
414,South America,Argentina,Rosario,2024-04-23 00:48:39,Tennis,60,Kristin Gray,26,Female
415,Africa,Ethiopia,Addis Ababa,2024-06-20 15:31:00,Sport Climbing,30,Carrie Terrell,24,Male
416,South America,Venezuela,Valencia,2024-05-10 15:31:11,Rugby Sevens,150,Dr. Denise Yu,59,Female
417,North America,United States,Los Angeles,2024-05-19 14:33:54,Badminton,60,Perry Kennedy,48,Female
418,Asia,Japan,Osaka,2024-05-24 19:51:03,Gymnastics,90,Michelle Best,49,Male
419,North America,Canada,Montreal,2024-05-02 06:49:38,Football,30,Robin Perez,50,Female
420,Oceania,Solomon Islands,Auki,2024-06-10 12:40:43,Fencing,150,Amy Taylor,32,Female
421,Asia,Japan,Osaka,2024-05-30 01:28:52,Football,150,Brian Brady,22,Female
422,Europe,Germany,Berlin,2024-06-03 16:53:16,Football,60,Tyler Reed,31,Female
423,North America,Mexico,Guadalajara,2024-06-18 18:02:32,Handball,120,Steve Singh,57,Male
424,Asia,China,Shanghai,2024-06-04 00:56:09,Shooting,60,Emily Huynh,19,Male
425,Asia,South Korea,Busan,2024-05-11 06:06:07,Triathlon,30,Wendy Padilla,56,Female
426,Asia,Japan,Tokyo,2024-06-20 01:31:00,Tennis,60,Dawn Williams,48,Female
427,North America,Canada,Toronto,2024-05-13 07:33:05,Shooting,30,Kristina Young,43,Female
428,Europe,United Kingdom,Manchester,2024-06-16 11:51:22,Badminton,150,Christina Garza,44,Male
429,Africa,Ethiopia,Addis Ababa,2024-05-17 21:26:36,Modern Pentathlon,150,Joseph Kelly,19,Male
430,South America,Peru,Arequipa,2024-05-18 03:38:35,Softball,120,Kathryn Garcia,35,Male
431,South America,Venezuela,Valencia,2024-04-23 11:13:19,Handball,60,George Graham,31,Male
432,South America,Peru,Cusco,2024-05-26 15:45:54,Cycling,30,Janet Myers,46,Female
433,Oceania,Papua New Guinea,Port Moresby,2024-05-28 00:03:40,Rugby Sevens,150,John Garcia,46,Male
434,North America,United States,New York,2024-04-29 19:35:16,Golf,150,David Smith,51,Male
435,Asia,China,Shanghai,2024-05-01 06:28:19,Beach Volleyball,90,Nancy Collins,36,Male
436,Africa,DR Congo,Lubumbashi,2024-06-04 02:59:06,Diving,120,Victoria Moore,60,Female
437,Oceania,Solomon Islands,Auki,2024-05-15 20:01:29,Sport Climbing,30,Joseph Hernandez,46,Female
438,Asia,South Korea,Busan,2024-05-10 23:36:37,Weightlifting,90,Noah Mccarthy,18,Male
439,Oceania,Solomon Islands,Gizo,2024-05-19 01:51:37,Taekwondo,120,Vincent Ellis,32,Female
440,South America,Colombia,Cali,2024-05-19 09:40:07,Wrestling,150,Fred Chen,54,Male
441,Asia,Japan,Osaka,2024-06-04 04:01:43,Cycling,120,Janet Hester,21,Male
442,North America,Mexico,Monterrey,2024-05-29 10:15:37,Sailing,120,Tracy Hines,32,Male
443,South America,Colombia,Medellín,2024-04-27 01:10:00,Weightlifting,150,William Hancock,23,Female
444,Europe,Italy,Milan,2024-05-29 01:21:35,Gymnastics,60,Emma Mendez,33,Male
445,North America,Canada,Vancouver,2024-05-09 21:03:35,Judo,150,Paul Williams,50,Male
446,South America,Venezuela,Caracas,2024-04-28 01:27:19,Fencing,120,Nicholas Carr,19,Male
447,Africa,Ethiopia,Dire Dawa,2024-05-02 18:21:14,Volleyball,30,Danielle Perez,23,Female
448,Oceania,Fiji,Nadi,2024-06-09 10:26:35,Boxing,120,Julia Henry,50,Female
449,Europe,Russia,Moscow,2024-06-01 04:40:24,Volleyball,120,Dr. Teresa Montgomery DVM,24,Male
450,Africa,Nigeria,Lagos,2024-05-16 05:43:15,Badminton,150,Maria Robinson,52,Female
451,North America,United States,Chicago,2024-04-24 23:38:00,Field Hockey,150,Tyrone Smith,26,Female
452,South America,Brazil,São Paulo,2024-04-30 17:38:13,Field Hockey,150,Timothy Frye,29,Female
453,Europe,Russia,Novosibirsk,2024-06-12 07:02:58,Handball,120,Rebecca Henderson,25,Female
454,North America,Mexico,Guadalajara,2024-06-18 11:19:33,Sailing,60,Lauren Rhodes,19,Female
455,Africa,Tanzania,Dar es Salaam,2024-06-08 11:25:52,Judo,90,Rebecca Matthews,36,Male
456,Asia,Pakistan,Karachi,2024-06-10 00:35:46,Fencing,120,David Hudson,40,Female
457,Africa,Tanzania,Arusha,2024-05-13 04:26:33,Surfing,30,Joyce Bradley,46,Male
458,North America,Mexico,Monterrey,2024-06-02 22:29:25,Karate,120,Diana Vazquez,53,Female
459,South America,Argentina,Buenos Aires,2024-05-30 00:15:01,Karate,60,Dawn White,28,Male
460,North America,Canada,Toronto,2024-05-16 21:52:59,Tennis,150,Hector Parsons,32,Male
461,South America,Brazil,Brasília,2024-06-16 16:57:40,Diving,120,Steven Davis Jr.,46,Female
462,Oceania,Papua New Guinea,Arawa,2024-05-11 20:57:11,Weightlifting,90,James Sanford,51,Female
463,Africa,DR Congo,Mbuji-Mayi,2024-05-21 10:45:14,Wrestling,120,Carrie Vance,50,Female
464,Oceania,New Zealand,Christchurch,2024-05-29 07:01:32,Sailing,120,Isaac Chambers,34,Female
465,Europe,United Kingdom,Manchester,2024-06-19 01:44:59,Handball,120,Deanna Colon,18,Female
466,Africa,Nigeria,Abuja,2024-05-12 04:37:15,Surfing,30,Dean Barton,39,Male
467,Europe,Russia,Moscow,2024-05-03 02:38:27,Shooting,150,Justin Byrd,26,Male
468,North America,United States,New York,2024-05-29 04:10:59,Handball,120,Christina Camacho,55,Female
469,Asia,China,Beijing,2024-05-17 10:34:50,Shooting,90,Richard Hubbard,51,Male
470,Oceania,Papua New Guinea,Port Moresby,2024-05-24 23:56:08,Wrestling,120,Denise James,40,Male
471,South America,Venezuela,Caracas,2024-05-20 03:13:47,Gymnastics,90,Mario Costa,28,Female
472,North America,Canada,Vancouver,2024-05-18 07:48:42,Golf,150,William Lee,20,Female
473,Asia,India,Bangalore,2024-05-19 23:31:35,Field Hockey,60,Calvin Scott,44,Male
474,Asia,South Korea,Incheon,2024-06-12 12:14:28,Weightlifting,120,Sarah Aguirre,45,Female
475,Oceania,Papua New Guinea,Lae,2024-06-03 09:47:21,Football,30,Veronica Diaz,60,Female
476,Europe,Italy,Rome,2024-05-01 23:00:42,Beach Volleyball,120,Michael Gonzalez,37,Female
477,South America,Brazil,São Paulo,2024-05-26 11:39:42,Golf,30,Elizabeth Young,54,Female
478,Asia,Japan,Nagoya,2024-05-17 00:08:13,Triathlon,60,Donald Warren,25,Female
479,South America,Brazil,São Paulo,2024-05-27 03:11:23,Taekwondo,150,Matthew Young,39,Female
480,Oceania,Solomon Islands,Auki,2024-05-28 19:42:15,Sport Climbing,90,Geoffrey Phillips,24,Male
481,Europe,Russia,Novosibirsk,2024-06-15 22:39:34,Beach Volleyball,60,Shirley Owens,26,Female
482,Oceania,Fiji,Lautoka,2024-06-14 11:07:11,Field Hockey,30,Christina Carson,19,Male
483,South America,Peru,Cusco,2024-05-29 22:35:38,Tennis,150,Darryl Miller,46,Male
484,South America,Colombia,Bogotá,2024-06-05 22:20:31,Tennis,30,Anna Brown,59,Male
485,Europe,Russia,Moscow,2024-05-17 17:53:53,Wrestling,30,William Jenkins,28,Male
486,Oceania,Fiji,Suva,2024-04-25 03:51:55,Archery,60,Raymond Meyer,38,Female
487,North America,Canada,Vancouver,2024-04-26 10:14:08,Wrestling,30,Zachary Rodriguez,29,Female
488,South America,Peru,Lima,2024-06-12 20:26:20,Golf,150,Carol Morrison,43,Female
489,Africa,Ethiopia,Mekelle,2024-06-06 03:32:20,Field Hockey,90,Madison Bean,44,Male
490,Asia,Japan,Nagoya,2024-06-05 14:16:54,Sport Climbing,30,Hector Vazquez,58,Male
491,Oceania,Fiji,Lautoka,2024-06-10 12:07:38,Badminton,30,Theresa Griffin,40,Female
492,South America,Colombia,Medellín,2024-06-09 01:56:36,Weightlifting,120,Joseph Carter,22,Female
493,Europe,Italy,Milan,2024-06-11 05:42:22,Softball,30,Jacqueline Brandt,35,Male
494,Asia,Pakistan,Karachi,2024-06-04 12:36:55,Sailing,150,Amanda Avery,28,Female
495,Europe,United Kingdom,Manchester,2024-06-19 00:23:52,Badminton,120,Joel Lee,54,Male
496,North America,Canada,Montreal,2024-04-27 15:50:07,Beach Volleyball,60,William Castro,47,Female
497,Oceania,New Zealand,Auckland,2024-05-03 05:33:20,Volleyball,120,Janet Rich,40,Male
498,Africa,DR Congo,Lubumbashi,2024-06-15 00:07:25,Basketball,90,Timothy Lee,26,Female
499,South America,Brazil,São Paulo,2024-06-20 11:13:25,Surfing,150,Christopher Brown,27,Male
500,Oceania,New Zealand,Christchurch,2024-04-30 20:30:17,Sailing,90,Kellie Fuentes,49,Female
501,South America,Argentina,Córdoba,2024-05-28 21:20:22,Gymnastics,60,John Miles,32,Female
502,Asia,China,Beijing,2024-05-14 03:44:13,Skateboarding,30,Robin Hunter,48,Male
503,Oceania,Solomon Islands,Gizo,2024-05-31 01:29:17,Surfing,150,Sandra Holmes,38,Female
504,Europe,United Kingdom,Manchester,2024-06-10 15:27:48,Football,120,Megan Munoz,24,Female
505,Asia,Japan,Nagoya,2024-06-07 05:25:37,Weightlifting,90,Pamela Torres,35,Female
506,Oceania,Fiji,Suva,2024-06-11 01:55:46,Football,60,Natasha Fox,31,Male
507,Africa,DR Congo,Mbuji-Mayi,2024-04-30 05:07:33,Boxing,120,Sherry Patton,55,Male
508,South America,Argentina,Buenos Aires,2024-06-12 19:28:55,Athletics,30,Kimberly Keller,58,Male
509,North America,United States,Los Angeles,2024-06-03 07:40:36,Skateboarding,60,David Barker,26,Male
510,Europe,Italy,Naples,2024-05-01 12:43:21,Rowing,90,Christopher Thomas,27,Male
511,Oceania,Solomon Islands,Honiara,2024-04-22 13:56:48,Beach Volleyball,60,Lisa Braun,23,Male
512,Africa,Ethiopia,Mekelle,2024-04-23 01:31:21,Baseball,30,Terrance Hendricks,26,Male
513,North America,United States,Los Angeles,2024-06-17 00:39:57,Fencing,60,Danielle Hampton,40,Male
514,Asia,China,Guangzhou,2024-04-22 14:09:19,Triathlon,150,Antonio Espinoza,18,Male
515,Oceania,Papua New Guinea,Arawa,2024-06-05 08:11:12,Beach Volleyball,150,Elizabeth Wilkinson,36,Male
516,Oceania,Papua New Guinea,Lae,2024-05-25 11:25:12,Football,150,Katie Morse,27,Male
517,Europe,France,Lyon,2024-05-09 14:19:32,Diving,30,Gregory Ramos,25,Female
518,Europe,Italy,Rome,2024-05-22 11:38:36,Rugby Sevens,90,Amanda Johnson DDS,56,Female
519,Africa,Nigeria,Lagos,2024-05-30 06:31:32,Softball,120,Christine Farmer,19,Male
520,South America,Argentina,Rosario,2024-06-17 10:43:24,Football,90,Adrian Taylor,34,Male
521,Europe,Russia,Moscow,2024-04-28 02:17:56,Gymnastics,90,Kim King,18,Male
522,Africa,Tanzania,Arusha,2024-05-17 23:45:55,Softball,30,James Briggs,56,Female
523,Europe,Italy,Milan,2024-06-14 21:50:40,Rowing,90,Donna Garrett,56,Male
524,North America,Canada,Vancouver,2024-05-12 17:23:57,Basketball,150,Bryan Miller,29,Male
525,North America,Mexico,Monterrey,2024-06-14 14:58:34,Modern Pentathlon,150,William Chung,56,Female
526,Africa,Tanzania,Dodoma,2024-06-12 22:17:11,Cycling,60,Sarah Williamson,54,Female
527,Africa,Ethiopia,Dire Dawa,2024-05-01 06:03:25,Sailing,90,Karen Long,45,Female
528,Europe,Russia,Saint Petersburg,2024-05-31 12:11:07,Equestrian,30,Brandon Meyer,47,Male
529,Africa,Egypt,Alexandria,2024-05-16 03:54:16,Athletics,120,James Burns,30,Male
530,Africa,Egypt,Cairo,2024-06-19 15:23:25,Beach Volleyball,60,Brianna Shaw,53,Female
531,Oceania,Solomon Islands,Gizo,2024-05-25 13:03:15,Basketball,60,Gary Sanders,29,Male
532,Oceania,Solomon Islands,Honiara,2024-06-18 21:50:46,Rugby Sevens,150,Erik Ward Jr.,27,Male
533,North America,Mexico,Guadalajara,2024-05-05 06:41:04,Karate,120,John Lee,40,Female
534,Asia,Pakistan,Islamabad,2024-04-23 22:10:55,Archery,120,Jennifer Smith,59,Male
535,Asia,Pakistan,Karachi,2024-06-04 04:38:35,Weightlifting,60,Tamara Baker,42,Female
536,Europe,Germany,Berlin,2024-06-18 21:18:54,Triathlon,90,Howard Jensen,54,Female
537,Oceania,Fiji,Suva,2024-05-10 12:12:53,Swimming,90,Linda Phillips,60,Female
538,Asia,China,Beijing,2024-04-30 00:28:55,Softball,150,Heather Pena,23,Female
539,Asia,Japan,Tokyo,2024-05-15 03:00:35,Archery,90,Diane Esparza,47,Female
540,North America,Mexico,Mexico City,2024-04-29 19:18:12,Baseball,120,Cory Perez,46,Female
541,North America,Mexico,Monterrey,2024-06-05 07:12:35,Water Polo,60,Shawn Mason,53,Male
542,South America,Brazil,São Paulo,2024-05-03 00:45:03,Gymnastics,60,Cheryl Horne,55,Female
543,Oceania,Solomon Islands,Auki,2024-04-28 14:18:23,Basketball,90,Lisa Perkins,59,Male
544,Asia,China,Shanghai,2024-06-10 20:21:33,Rugby Sevens,150,Jimmy Acevedo,24,Male
545,North America,Mexico,Monterrey,2024-05-08 01:59:50,Tennis,90,Laurie Alvarez,35,Female
546,Asia,China,Beijing,2024-05-07 02:45:34,Judo,90,Laura Snow,31,Male
547,Africa,Ethiopia,Dire Dawa,2024-06-04 10:25:35,Archery,30,Kimberly Holmes,20,Female
548,Oceania,Australia,Sydney,2024-06-19 13:39:48,Sailing,90,George Henry,51,Female
549,Europe,Italy,Rome,2024-05-02 19:40:55,Rugby Sevens,150,Shane Davis,43,Male
550,Africa,Tanzania,Arusha,2024-06-16 10:13:56,Taekwondo,60,Richard Reed,38,Female
551,Africa,Nigeria,Lagos,2024-05-13 22:31:28,Surfing,30,Tammy Dorsey,60,Female
552,Asia,China,Beijing,2024-06-11 13:18:54,Karate,30,Jason Jennings,43,Female
553,Europe,Italy,Rome,2024-05-25 00:07:51,Badminton,30,Daniel Gardner,50,Male
554,Africa,DR Congo,Kinshasa,2024-05-05 01:48:47,Table Tennis,120,Donna Cantrell,53,Male
555,South America,Argentina,Rosario,2024-05-20 12:25:59,Boxing,150,Anne Gray,51,Female
556,South America,Argentina,Buenos Aires,2024-04-27 19:01:24,Water Polo,120,Christopher Barnes,20,Female
557,North America,Mexico,Monterrey,2024-05-16 04:02:05,Softball,30,David Robles,50,Male
558,Oceania,Solomon Islands,Gizo,2024-05-22 00:14:36,Weightlifting,60,Jessica Schultz,26,Male
559,Africa,Ethiopia,Addis Ababa,2024-04-30 00:18:31,Modern Pentathlon,60,Dana Fischer,40,Female
560,Europe,Italy,Milan,2024-05-11 09:51:31,Volleyball,150,Brittany Singh,25,Male
561,Oceania,Fiji,Nadi,2024-05-19 01:07:37,Weightlifting,60,Sandra Taylor,57,Female
562,Oceania,Solomon Islands,Auki,2024-06-20 02:12:19,Rugby Sevens,120,George Mcpherson,36,Male
563,Africa,Tanzania,Dar es Salaam,2024-04-25 11:55:51,Beach Volleyball,60,Tyler Brown,23,Male
564,North America,United States,New York,2024-06-15 16:43:40,Shooting,150,Victoria Mitchell,41,Male
565,North America,Mexico,Mexico City,2024-04-28 22:07:40,Wrestling,60,Michael Cruz,51,Female
566,South America,Venezuela,Maracaibo,2024-06-07 20:16:50,Water Polo,90,Thomas Smith,27,Female
567,North America,United States,New York,2024-06-15 09:28:20,Wrestling,60,Julia Curtis,31,Male
568,Oceania,Fiji,Lautoka,2024-05-10 05:30:03,Skateboarding,90,Micheal Mcdowell,32,Male
569,North America,Canada,Toronto,2024-06-10 23:13:40,Equestrian,120,Krista Harding,38,Female
570,Asia,Pakistan,Lahore,2024-05-31 18:22:07,Beach Volleyball,60,Christina Duke,23,Female
571,Oceania,Fiji,Suva,2024-05-03 10:49:46,Basketball,60,Nicole Johnson,24,Male
572,North America,Mexico,Guadalajara,2024-05-11 23:11:58,Table Tennis,60,Charles House,36,Male
573,Asia,China,Shanghai,2024-06-06 22:53:59,Fencing,90,Joshua Huynh,49,Female
574,Europe,France,Marseille,2024-05-28 21:30:43,Archery,90,Yvonne Murphy,49,Male
575,Oceania,Australia,Melbourne,2024-06-10 01:34:08,Taekwondo,90,Charles Harvey,56,Female
576,Africa,Nigeria,Kano,2024-06-20 19:11:48,Cycling,60,Christopher Nunez,48,Male
577,Asia,India,Mumbai,2024-05-30 06:13:08,Baseball,60,William Sanders,55,Female
578,Asia,India,Mumbai,2024-05-17 13:51:18,Gymnastics,120,Zachary Drake,46,Male
579,South America,Colombia,Medellín,2024-04-27 15:29:02,Skateboarding,150,Justin Cox,46,Female
580,Oceania,Papua New Guinea,Port Moresby,2024-05-23 19:42:15,Water Polo,120,Christopher Smith,41,Female
581,Europe,Italy,Naples,2024-05-01 22:46:28,Gymnastics,120,Larry Robinson,60,Male
582,South America,Peru,Arequipa,2024-05-08 14:51:06,Shooting,150,George Phillips,49,Male
583,North America,Canada,Montreal,2024-05-23 13:35:11,Volleyball,120,George Gordon,56,Female
584,Africa,Egypt,Giza,2024-05-05 03:24:58,Surfing,30,Michael Sosa,57,Male
585,Oceania,Papua New Guinea,Port Moresby,2024-06-20 04:41:26,Athletics,90,Gary Davis,52,Female
586,Oceania,Solomon Islands,Honiara,2024-05-31 18:02:59,Rowing,120,Jordan Lynch,24,Male
587,South America,Venezuela,Maracaibo,2024-06-15 01:26:17,Triathlon,120,John Miller,53,Male
588,South America,Colombia,Medellín,2024-05-08 05:21:44,Athletics,30,Mrs. Patricia Richardson DVM,39,Male
589,North America,Canada,Vancouver,2024-05-22 11:06:33,Athletics,90,Andrew Oliver,33,Female
590,North America,Mexico,Guadalajara,2024-05-04 08:22:34,Swimming,30,Ronald Thomas,26,Female
591,Africa,Ethiopia,Dire Dawa,2024-06-02 10:42:21,Rugby Sevens,120,William Ward,21,Male
592,Africa,Nigeria,Kano,2024-06-16 23:47:31,Boxing,90,Michele Wright,31,Female
593,Africa,Egypt,Cairo,2024-05-14 21:29:38,Cycling,150,Erik Holt,60,Male
594,North America,Canada,Toronto,2024-05-01 08:40:59,Football,90,Lori Wyatt,27,Male
595,North America,Mexico,Guadalajara,2024-05-02 21:15:08,Cycling,30,Anthony Santiago,28,Female
596,Asia,China,Guangzhou,2024-05-18 00:02:13,Football,90,Barbara Adams,33,Male
597,Oceania,Papua New Guinea,Arawa,2024-05-24 02:41:06,Fencing,90,Cody Church,53,Female
598,South America,Venezuela,Caracas,2024-06-02 19:38:41,Weightlifting,60,Lisa Walker,49,Female
599,Africa,DR Congo,Lubumbashi,2024-05-06 08:05:12,Basketball,60,Eric Ortiz,22,Female
600,South America,Venezuela,Maracaibo,2024-06-10 14:34:48,Sailing,120,Stacey Farrell,56,Female
601,Asia,Japan,Nagoya,2024-06-17 23:13:19,Field Hockey,60,Shawn Chavez,26,Male
602,North America,Mexico,Guadalajara,2024-05-30 03:56:16,Modern Pentathlon,90,John Hartman,38,Male
603,Asia,China,Shanghai,2024-05-08 07:01:46,Baseball,90,Mr. Cory Campbell,49,Female
604,Africa,DR Congo,Lubumbashi,2024-06-10 14:39:01,Table Tennis,90,Michael Brooks,53,Male
605,Asia,South Korea,Seoul,2024-06-05 22:02:19,Judo,150,Johnny Murphy,53,Male
606,Africa,Tanzania,Dodoma,2024-05-07 19:58:35,Modern Pentathlon,30,Valerie Doyle,53,Male
607,North America,Mexico,Guadalajara,2024-05-05 13:34:57,Football,150,Jessica Johnston,49,Male
608,North America,United States,Los Angeles,2024-05-22 15:25:28,Rowing,120,Cynthia Bond,53,Male
609,North America,Canada,Vancouver,2024-05-28 05:50:20,Rugby Sevens,60,Laura Lee,33,Female
610,Europe,Italy,Milan,2024-05-19 17:56:08,Judo,150,Charlotte Thompson,50,Male
611,North America,Mexico,Monterrey,2024-06-11 21:23:52,Taekwondo,120,Christopher Fernandez,39,Female
612,Europe,France,Lyon,2024-04-23 15:26:14,Softball,120,Jason Acosta,47,Male
613,North America,Canada,Toronto,2024-05-12 01:01:13,Beach Volleyball,30,Bradley Cruz,38,Female
614,Asia,India,Bangalore,2024-05-09 17:40:59,Diving,120,Kenneth Bean,51,Female
615,Oceania,Fiji,Suva,2024-05-15 23:03:28,Boxing,60,Terri Vance,35,Female
616,Europe,France,Lyon,2024-05-29 12:04:32,Rowing,90,Robert Joseph,18,Male
617,South America,Brazil,Brasília,2024-05-06 18:50:52,Gymnastics,30,Jasmine Jimenez,29,Male
618,South America,Colombia,Bogotá,2024-05-25 20:10:30,Gymnastics,90,Anna Montes,58,Female
619,Africa,DR Congo,Mbuji-Mayi,2024-05-05 10:01:07,Football,60,Edward Roberson,30,Male
620,Oceania,Australia,Melbourne,2024-04-23 05:13:35,Surfing,60,Amy Williams,39,Male
621,Africa,Egypt,Cairo,2024-05-10 17:17:32,Wrestling,90,Daryl Clark,42,Female
622,Africa,Egypt,Alexandria,2024-06-09 11:28:46,Rugby Sevens,90,Michael Rivera,36,Male
623,Asia,Pakistan,Islamabad,2024-06-13 16:07:03,Water Polo,30,Kristen Smith,26,Male
624,Asia,Pakistan,Islamabad,2024-06-04 07:37:22,Skateboarding,60,Ashley Burns,26,Male
625,South America,Venezuela,Valencia,2024-05-23 16:47:58,Surfing,60,Lindsey Houston,19,Female
626,Europe,France,Marseille,2024-05-04 22:23:15,Golf,150,Elizabeth Evans,31,Female
627,South America,Peru,Lima,2024-05-31 07:45:15,Golf,150,Stephanie Gray,41,Male
628,Africa,Ethiopia,Addis Ababa,2024-05-18 02:36:54,Football,150,Jennifer Guerrero,58,Female
629,Africa,DR Congo,Kinshasa,2024-05-18 16:56:52,Surfing,60,Michael Jordan,53,Female
630,South America,Argentina,Buenos Aires,2024-05-02 11:10:25,Basketball,150,Bonnie Clark,18,Female
631,Europe,Russia,Saint Petersburg,2024-05-01 07:45:51,Swimming,120,Roy Barnes,24,Male
632,Oceania,Fiji,Suva,2024-04-24 11:19:12,Handball,60,Courtney Dixon,36,Male
633,Africa,Egypt,Giza,2024-06-13 10:24:26,Modern Pentathlon,30,Katherine Pierce,41,Female
634,North America,Mexico,Mexico City,2024-05-14 19:31:38,Water Polo,30,Kyle Ellis,39,Male
635,Asia,China,Guangzhou,2024-05-14 21:43:09,Judo,120,Miss Shelby Robles,34,Male
636,Oceania,Australia,Sydney,2024-06-12 22:15:58,Football,90,Justin Ingram,40,Male
637,Asia,Japan,Nagoya,2024-05-18 15:42:53,Gymnastics,150,Victoria Hendrix,48,Male
638,Africa,Ethiopia,Dire Dawa,2024-06-13 01:51:54,Modern Pentathlon,120,Denise Tyler,29,Female
639,Asia,India,Mumbai,2024-06-04 07:32:18,Archery,120,Jacob Romero,44,Female
640,South America,Peru,Lima,2024-05-14 23:03:43,Water Polo,90,Jared Thompson,27,Male
641,Asia,Pakistan,Islamabad,2024-06-06 00:10:09,Rowing,60,Brittany Stevens,25,Female
642,Europe,Italy,Naples,2024-04-24 12:47:33,Badminton,150,Hannah Stewart,46,Male
643,North America,United States,Chicago,2024-05-09 16:32:25,Fencing,150,Emily Williams,51,Male
644,Oceania,Fiji,Lautoka,2024-06-08 06:54:27,Water Polo,150,Calvin Erickson,53,Female
645,Africa,Egypt,Giza,2024-06-17 09:37:27,Rowing,120,Susan Villa,57,Male
646,Oceania,Solomon Islands,Gizo,2024-06-01 01:05:50,Modern Pentathlon,30,April Welch,25,Male
647,Asia,Japan,Tokyo,2024-05-17 10:48:07,Taekwondo,60,Casey Sanders,35,Female
648,Europe,Italy,Naples,2024-05-10 19:37:06,Sailing,60,Cheyenne Russo,19,Female
649,Africa,Nigeria,Abuja,2024-05-12 05:49:14,Table Tennis,120,Miguel Guzman,36,Female
650,Asia,South Korea,Busan,2024-05-29 02:03:22,Triathlon,60,Nicole Anderson,40,Male
651,North America,Canada,Montreal,2024-05-31 01:10:25,Diving,90,Erica Macdonald,60,Female
652,South America,Peru,Lima,2024-06-03 02:56:01,Diving,30,Joseph Miller,29,Female
653,Europe,Germany,Hamburg,2024-05-05 05:25:38,Swimming,60,Kyle Howe,42,Female
654,Europe,Germany,Munich,2024-06-16 08:38:41,Wrestling,60,James Harrington,47,Female
655,Europe,United Kingdom,Manchester,2024-06-13 09:30:16,Sailing,90,Stephanie Kim,28,Female
656,Oceania,Fiji,Suva,2024-05-09 02:04:58,Baseball,120,Brittany Banks,18,Male
657,South America,Argentina,Córdoba,2024-05-15 19:28:52,Karate,60,Maria Webb,40,Male
658,Asia,India,Bangalore,2024-05-05 05:56:20,Swimming,120,Robert Anderson,59,Male
659,Asia,Pakistan,Karachi,2024-06-05 17:05:58,Boxing,120,Andrew Johnson,44,Male
660,Asia,Japan,Tokyo,2024-04-28 00:41:53,Skateboarding,60,Dr. Rebecca Martinez,20,Male
661,South America,Argentina,Buenos Aires,2024-05-12 19:56:31,Football,120,Daniel Gray,36,Female
662,Europe,France,Marseille,2024-05-13 19:20:30,Surfing,90,Christopher Munoz,32,Male
663,North America,United States,Los Angeles,2024-05-26 08:41:36,Badminton,60,Joseph Baker,25,Male
664,South America,Brazil,Brasília,2024-05-30 20:38:02,Field Hockey,150,Jason Bentley,45,Male
665,North America,Mexico,Monterrey,2024-06-05 10:27:49,Table Tennis,120,Bethany Warner,24,Female
666,Africa,DR Congo,Kinshasa,2024-06-15 16:35:36,Shooting,60,Kyle Williams,59,Female
667,North America,Canada,Montreal,2024-06-09 12:27:14,Diving,150,Lawrence Ward,33,Male
668,South America,Brazil,São Paulo,2024-05-28 13:57:43,Surfing,120,Franklin Howell,18,Female
669,Oceania,Australia,Melbourne,2024-05-14 19:58:18,Tennis,120,Phyllis Compton,27,Male
670,Oceania,New Zealand,Auckland,2024-05-02 01:33:16,Handball,90,Andrew Hopkins,37,Male
671,Africa,Egypt,Alexandria,2024-05-10 15:54:37,Sport Climbing,120,Sherri Ray,44,Female
672,Oceania,New Zealand,Auckland,2024-05-07 00:20:16,Handball,150,Dr. David Hill,33,Male
673,South America,Peru,Lima,2024-06-19 06:19:14,Softball,120,Phillip Hernandez,43,Female
674,Asia,Pakistan,Islamabad,2024-05-21 00:50:20,Modern Pentathlon,30,Patrick Cox,58,Male
675,North America,Mexico,Mexico City,2024-05-07 22:59:23,Taekwondo,60,John Graham,41,Male
676,Europe,Italy,Rome,2024-05-01 18:57:10,Tennis,150,Nathan Mendoza,33,Male
677,Asia,Pakistan,Islamabad,2024-04-24 11:21:20,Boxing,30,Michael Woodard,23,Female
678,Africa,Tanzania,Dar es Salaam,2024-04-30 10:40:11,Handball,90,Ariana Nguyen,23,Female
679,South America,Peru,Arequipa,2024-06-10 21:57:29,Beach Volleyball,150,Kimberly Blanchard,58,Female
680,South America,Colombia,Medellín,2024-05-28 06:00:54,Karate,150,Aaron Torres MD,33,Female
681,Africa,Tanzania,Dodoma,2024-05-05 06:56:16,Archery,150,Nicole Rowe,33,Female
682,South America,Brazil,Rio de Janeiro,2024-05-01 23:35:57,Sailing,120,Ana Mack,27,Male
683,South America,Brazil,Brasília,2024-06-17 14:09:33,Triathlon,60,Brian Smith,31,Female
684,Asia,China,Guangzhou,2024-04-26 02:08:48,Triathlon,120,Joseph Wu DVM,43,Male
685,South America,Peru,Lima,2024-06-09 20:08:58,Water Polo,90,Tyrone Mckenzie,51,Male
686,South America,Peru,Arequipa,2024-05-15 03:00:58,Badminton,30,Stacey Gibson,49,Male
687,Africa,Ethiopia,Mekelle,2024-04-29 15:50:58,Handball,60,Jason Salazar,33,Female
688,South America,Argentina,Rosario,2024-04-28 12:59:09,Rugby Sevens,120,Christopher Berry,50,Male
689,Africa,Tanzania,Dar es Salaam,2024-04-24 20:59:36,Softball,120,Terry Moody,42,Female
690,Europe,Italy,Naples,2024-05-29 23:37:22,Taekwondo,120,Mallory Carter,18,Male
691,North America,Canada,Montreal,2024-06-17 01:12:45,Field Hockey,90,Robert Keith,34,Male
692,North America,Canada,Vancouver,2024-05-04 01:39:02,Modern Pentathlon,30,Jessica Schultz,36,Male
693,North America,Mexico,Mexico City,2024-06-02 05:07:49,Rugby Sevens,150,Tiffany Figueroa,44,Male
694,South America,Venezuela,Valencia,2024-06-12 23:26:28,Golf,120,Samantha Johnson,48,Female
695,Africa,Egypt,Cairo,2024-06-16 19:55:37,Wrestling,90,Angela Chapman,49,Male
696,Europe,Italy,Naples,2024-06-06 11:27:33,Surfing,60,Steven Chan,29,Male
697,Asia,Pakistan,Islamabad,2024-05-05 14:04:37,Volleyball,90,Amanda Clark,41,Female
698,Oceania,Australia,Brisbane,2024-04-28 06:21:46,Baseball,30,Julia Acevedo,60,Male
699,Oceania,Solomon Islands,Auki,2024-05-14 04:40:46,Badminton,60,Jessica Hopkins,56,Female
700,Asia,South Korea,Seoul,2024-05-16 06:41:38,Badminton,90,Kristi Lopez,60,Female
701,Oceania,Fiji,Nadi,2024-05-25 23:42:50,Karate,60,Benjamin Padilla,38,Male
702,North America,Mexico,Monterrey,2024-05-19 11:16:11,Rowing,30,Lindsay Drake,54,Male
703,North America,Mexico,Monterrey,2024-06-02 22:24:22,Wrestling,150,Wyatt Newton,37,Male
704,Oceania,Solomon Islands,Auki,2024-05-30 08:50:08,Boxing,150,David Mitchell,49,Male
705,Europe,Italy,Rome,2024-05-05 17:37:04,Tennis,90,Jennifer Rodriguez,39,Male
706,Asia,China,Guangzhou,2024-05-20 12:56:27,Modern Pentathlon,60,Alexander Dyer,45,Female
707,Africa,Nigeria,Kano,2024-05-21 03:56:27,Sailing,120,Michael Harris,37,Male
708,Europe,France,Marseille,2024-05-18 12:11:13,Weightlifting,90,Joshua Martin,46,Female
709,North America,Canada,Toronto,2024-05-26 10:18:14,Archery,60,Samantha Campbell,57,Female
710,North America,Canada,Toronto,2024-06-04 09:07:23,Softball,90,Kevin Brennan,43,Female
711,Asia,China,Guangzhou,2024-04-26 16:22:02,Badminton,120,Suzanne Williams,36,Female
712,South America,Peru,Arequipa,2024-06-11 22:44:39,Weightlifting,90,Laura Fields,42,Female
713,Oceania,Solomon Islands,Honiara,2024-06-03 08:08:03,Football,90,Lisa Thornton,29,Male
714,Oceania,Australia,Sydney,2024-05-19 17:44:22,Badminton,120,Kevin Davis,39,Male
715,South America,Argentina,Rosario,2024-06-12 07:44:44,Weightlifting,30,Stefanie Harris,56,Female
716,Europe,Germany,Munich,2024-04-28 17:54:32,Fencing,150,Jared Hernandez,29,Female
717,North America,Canada,Montreal,2024-05-14 12:00:23,Table Tennis,150,Mary Stevens,46,Female
718,Oceania,Papua New Guinea,Arawa,2024-06-01 05:02:57,Beach Volleyball,150,Edgar Levy,44,Male
719,Oceania,New Zealand,Auckland,2024-05-21 10:23:19,Wrestling,90,Amy Sanders,29,Female
720,North America,United States,New York,2024-05-18 15:20:00,Karate,90,Pamela Jarvis,22,Female
721,North America,Mexico,Monterrey,2024-06-04 13:11:46,Field Hockey,150,Jennifer Holmes,34,Male
722,Asia,Pakistan,Karachi,2024-04-23 02:44:07,Weightlifting,30,Linda Weaver,21,Female
723,South America,Peru,Arequipa,2024-05-04 06:20:33,Swimming,120,Jenna Garner DDS,58,Male
724,Africa,Tanzania,Dodoma,2024-06-20 14:54:32,Sport Climbing,30,Tommy Hendricks,51,Male
725,Africa,DR Congo,Kinshasa,2024-05-05 19:40:33,Basketball,120,Jamie Harris,36,Male
726,Asia,China,Guangzhou,2024-05-17 08:18:40,Sport Climbing,30,Melanie David,60,Female
727,Oceania,Fiji,Suva,2024-06-19 07:58:36,Sailing,90,Cassidy Marquez,54,Male
728,Africa,Nigeria,Abuja,2024-05-05 05:50:36,Surfing,30,Jessica Hall,48,Female
729,Africa,DR Congo,Lubumbashi,2024-05-12 10:13:29,Equestrian,30,Christopher Estrada,56,Female
730,South America,Argentina,Buenos Aires,2024-05-22 03:16:36,Shooting,150,Angela Gonzales,40,Female
731,South America,Colombia,Cali,2024-06-13 02:27:56,Badminton,30,Kathryn Smith,58,Female
732,Asia,Japan,Tokyo,2024-06-12 22:19:11,Softball,30,Bradley Peterson,49,Female
733,Asia,India,Delhi,2024-05-15 08:17:24,Gymnastics,150,Tina Nolan,54,Female
734,Europe,Russia,Moscow,2024-05-14 17:12:34,Football,150,Paula Anderson,54,Female
735,Oceania,New Zealand,Christchurch,2024-06-11 23:11:47,Gymnastics,120,Hailey Vance,26,Male
736,Europe,Russia,Saint Petersburg,2024-04-24 00:32:01,Softball,60,Julia Marshall,43,Female
737,Asia,India,Bangalore,2024-06-16 00:03:35,Triathlon,120,Kimberly Jones,51,Female
738,Africa,DR Congo,Mbuji-Mayi,2024-05-31 00:44:44,Weightlifting,60,Justin Williams,50,Female
739,Asia,South Korea,Seoul,2024-05-30 20:11:45,Archery,30,Jacqueline Hancock,34,Female
740,Oceania,New Zealand,Auckland,2024-05-04 21:34:31,Field Hockey,30,Mary Ramos,31,Male
741,Africa,DR Congo,Kinshasa,2024-05-01 21:47:46,Judo,90,Justin Williamson,53,Female
742,North America,Mexico,Monterrey,2024-05-24 02:44:52,Swimming,30,Gregory Marks,50,Female
743,Asia,South Korea,Busan,2024-05-29 12:56:52,Diving,90,John Gilbert,47,Male
744,North America,Mexico,Guadalajara,2024-06-09 16:02:41,Diving,150,Jessica Brown,58,Female
745,North America,United States,Los Angeles,2024-05-28 08:30:02,Sport Climbing,60,Erin Powell,28,Female
746,South America,Brazil,Brasília,2024-06-14 11:59:17,Gymnastics,150,Joshua Edwards,30,Female
747,Asia,Pakistan,Karachi,2024-06-09 03:14:42,Skateboarding,120,Edward Robinson,32,Male
748,North America,Mexico,Mexico City,2024-05-20 20:07:07,Judo,90,Jill Hill,56,Female
749,Africa,Egypt,Cairo,2024-06-14 11:12:11,Wrestling,150,Kristy Davis,18,Male
750,North America,United States,New York,2024-05-11 09:15:38,Equestrian,30,Lisa Johnson,53,Male
751,Europe,United Kingdom,Birmingham,2024-06-20 01:28:00,Athletics,30,Damon Williams,24,Male
752,Europe,Russia,Moscow,2024-05-28 02:49:57,Skateboarding,120,Eric Fields,54,Female
753,North America,Canada,Montreal,2024-05-08 19:31:35,Taekwondo,30,Todd Miller,41,Male
754,North America,Canada,Vancouver,2024-04-26 05:59:54,Rowing,30,Andrew Lopez,42,Female
755,North America,Mexico,Monterrey,2024-05-20 12:23:40,Softball,60,John Stephens,49,Female
756,Europe,Russia,Moscow,2024-05-05 18:49:30,Equestrian,120,Todd Johnson,35,Female
757,Africa,Ethiopia,Dire Dawa,2024-05-22 12:19:10,Wrestling,150,Courtney Woodward,41,Male
758,Europe,France,Paris,2024-05-25 21:16:40,Boxing,120,Andrew Lee,54,Female
759,North America,Canada,Montreal,2024-04-29 11:09:17,Archery,60,Robert Jones,51,Female
760,Europe,Italy,Milan,2024-05-02 16:02:03,Diving,90,Taylor Mayo,53,Female
761,Asia,South Korea,Seoul,2024-06-17 11:53:03,Softball,150,Diane Golden,18,Female
762,Asia,South Korea,Incheon,2024-06-19 01:01:46,Beach Volleyball,60,Judy Woods,51,Female
763,Africa,DR Congo,Lubumbashi,2024-05-17 11:50:06,Softball,150,Megan Martin,23,Female
764,North America,United States,Los Angeles,2024-05-29 16:32:16,Field Hockey,30,Kimberly Molina,58,Male
765,Oceania,Australia,Melbourne,2024-04-24 00:04:52,Baseball,60,Benjamin Delgado,56,Female
766,North America,Mexico,Mexico City,2024-04-23 12:35:02,Boxing,60,Katie Miller,49,Female
767,South America,Peru,Cusco,2024-05-26 19:07:35,Field Hockey,60,Jessica Chaney,34,Female
768,Africa,Tanzania,Dar es Salaam,2024-05-03 16:25:52,Wrestling,120,Kevin Yates,36,Male
769,Asia,Japan,Tokyo,2024-05-16 10:39:48,Water Polo,150,Brandon Martinez,60,Male
770,Oceania,Solomon Islands,Honiara,2024-05-15 18:13:39,Golf,150,Brandon Lane,49,Male
771,Asia,Pakistan,Lahore,2024-06-13 06:08:39,Water Polo,150,Holly Nelson,45,Male
772,South America,Venezuela,Maracaibo,2024-05-14 11:44:09,Wrestling,150,Claudia Brown,26,Male
773,Oceania,Fiji,Lautoka,2024-04-23 22:02:58,Football,90,Thomas Moon,37,Female
774,Africa,DR Congo,Mbuji-Mayi,2024-05-04 08:39:27,Diving,120,Peggy Maldonado,30,Female
775,North America,Mexico,Guadalajara,2024-05-10 18:50:12,Badminton,60,Debra Caldwell,41,Male
776,Africa,Tanzania,Dodoma,2024-05-12 06:59:06,Softball,120,Jimmy Dickerson,28,Female
777,South America,Argentina,Buenos Aires,2024-05-08 22:48:28,Sailing,150,Micheal Cohen,45,Female
778,North America,Mexico,Monterrey,2024-05-05 11:01:56,Swimming,120,Shaun Bennett,38,Female
779,Oceania,Papua New Guinea,Lae,2024-05-30 05:37:35,Table Tennis,90,Olivia Higgins,21,Female
780,Europe,France,Paris,2024-05-05 03:54:22,Basketball,60,Kayla Baldwin,20,Male
781,Europe,Russia,Novosibirsk,2024-05-01 01:08:46,Triathlon,120,Nicole Burns,36,Male
782,Oceania,New Zealand,Christchurch,2024-05-04 09:45:49,Beach Volleyball,30,Cheryl Gomez,30,Male
783,Asia,Japan,Tokyo,2024-05-18 11:50:36,Rugby Sevens,30,Robin Gonzalez,39,Female
784,Europe,Italy,Milan,2024-06-02 17:40:54,Boxing,120,Jennifer Reed,60,Female
785,Oceania,Solomon Islands,Honiara,2024-05-26 03:05:24,Baseball,30,Bryan Sanchez,54,Female
786,Europe,Russia,Moscow,2024-05-27 23:04:06,Cycling,60,Ashley Brown,30,Female
787,South America,Argentina,Córdoba,2024-06-13 21:47:56,Fencing,120,Katelyn Ball,29,Male
788,Asia,Pakistan,Karachi,2024-06-14 21:13:15,Archery,150,Heather Phillips,46,Female
789,North America,Mexico,Mexico City,2024-05-23 20:41:20,Fencing,30,Joy Doyle,35,Male
790,North America,Mexico,Monterrey,2024-05-09 10:51:51,Sport Climbing,150,Rebecca Perez,32,Female
791,South America,Brazil,Brasília,2024-05-20 02:52:32,Beach Volleyball,90,Thomas Andrews,25,Male
792,Africa,Tanzania,Dodoma,2024-05-22 22:01:40,Field Hockey,120,Christina Nelson,47,Male
793,South America,Brazil,Rio de Janeiro,2024-06-07 01:50:39,Wrestling,150,Kurt Suarez,45,Male
794,North America,Canada,Toronto,2024-05-16 14:55:55,Basketball,150,Mary Booth,45,Female
795,South America,Venezuela,Maracaibo,2024-04-30 15:02:42,Karate,30,Elizabeth Williams,51,Male
796,Europe,France,Marseille,2024-05-21 21:32:47,Triathlon,60,Michael Newton,29,Female
797,North America,United States,Chicago,2024-05-18 01:46:49,Football,60,Victoria Jones DDS,60,Female
798,Asia,Japan,Tokyo,2024-05-12 22:08:32,Table Tennis,60,Brittany Moss,35,Female
799,Asia,China,Beijing,2024-06-03 07:10:03,Diving,90,Eric Brown,41,Female
800,Oceania,Australia,Sydney,2024-05-12 09:26:12,Diving,120,Kelly Gray,42,Female
801,Africa,Egypt,Giza,2024-04-28 21:09:37,Table Tennis,60,Debbie Peters,28,Male
802,North America,Mexico,Guadalajara,2024-05-19 17:54:15,Boxing,120,Jennifer Norman,43,Male
803,South America,Peru,Lima,2024-06-04 09:42:56,Basketball,30,Kellie Hawkins,49,Male
804,Europe,France,Lyon,2024-05-29 16:27:03,Swimming,60,Louis Robinson,22,Female
805,Europe,Germany,Hamburg,2024-06-16 18:09:30,Baseball,120,Samantha Diaz,22,Female
806,Oceania,Australia,Sydney,2024-05-04 04:23:01,Surfing,90,Michael Gonzalez,27,Male
807,Asia,Japan,Osaka,2024-05-04 20:08:31,Fencing,120,Edgar Martinez,58,Male
808,Africa,Ethiopia,Mekelle,2024-06-15 00:02:07,Judo,150,Jennifer Baker,51,Male
809,North America,Canada,Toronto,2024-04-22 20:31:24,Golf,60,Noah Bullock,49,Male
810,Europe,Italy,Milan,2024-04-24 20:30:00,Volleyball,150,Jeffrey Simpson,54,Female
811,Europe,Germany,Berlin,2024-05-04 05:33:01,Volleyball,60,Denise Jimenez,30,Female
812,Oceania,Solomon Islands,Honiara,2024-04-27 14:51:17,Fencing,90,Erica Smith,45,Female
813,Asia,India,Delhi,2024-05-26 08:56:07,Baseball,90,Kaitlyn Sexton,41,Male
814,Oceania,Papua New Guinea,Port Moresby,2024-04-22 23:19:11,Softball,60,Isabella Robinson,35,Male
815,South America,Brazil,Rio de Janeiro,2024-06-18 15:03:33,Rugby Sevens,120,Justin Jones,32,Female
816,Europe,Italy,Naples,2024-06-19 16:28:10,Softball,120,Bob Hughes,29,Male
817,Oceania,Papua New Guinea,Lae,2024-05-29 03:06:15,Field Hockey,150,Dominique Mclaughlin,37,Male
818,Oceania,Papua New Guinea,Port Moresby,2024-06-19 09:37:04,Baseball,30,Christopher Rodriguez,36,Female
819,North America,United States,New York,2024-05-06 15:37:01,Tennis,60,Daniel Morris,55,Female
820,Oceania,Solomon Islands,Gizo,2024-05-21 12:20:48,Fencing,150,Jake Peck,42,Female
821,North America,Mexico,Guadalajara,2024-05-22 09:18:59,Football,60,Marc Johnson,44,Female
822,Asia,China,Guangzhou,2024-05-04 06:06:51,Field Hockey,150,Alexander Evans DVM,24,Female
823,Asia,Japan,Tokyo,2024-05-24 22:29:09,Gymnastics,60,Melissa Doyle,54,Female
824,Europe,Germany,Munich,2024-05-07 05:40:05,Gymnastics,90,Dawn Maldonado,43,Male
825,Asia,India,Bangalore,2024-06-08 15:26:30,Table Tennis,150,Deborah Carter,41,Female
826,South America,Argentina,Córdoba,2024-06-16 22:09:30,Taekwondo,120,James Marquez,34,Male
827,Europe,United Kingdom,Manchester,2024-05-07 16:19:59,Equestrian,120,Jennifer Nelson,55,Male
828,North America,Mexico,Guadalajara,2024-04-27 08:44:10,Skateboarding,120,Lisa Butler,45,Female
829,Europe,United Kingdom,Birmingham,2024-06-10 16:18:51,Field Hockey,150,Chad Hernandez,60,Female
830,Oceania,Papua New Guinea,Lae,2024-06-05 18:46:40,Table Tennis,90,Andrew Vaughn PhD,18,Male
831,Asia,India,Mumbai,2024-06-16 06:36:03,Athletics,150,Kimberly Pearson DVM,26,Female
832,Europe,Italy,Milan,2024-04-27 00:35:46,Golf,30,Tina Paul,37,Male
833,North America,United States,Los Angeles,2024-04-30 05:01:04,Football,30,Jacob Waters,55,Male
834,Oceania,Fiji,Suva,2024-06-20 06:01:14,Skateboarding,90,Stacey Hanna,49,Male
835,Oceania,Fiji,Nadi,2024-06-01 21:16:46,Sport Climbing,150,Jeffrey Brown,19,Female
836,Asia,India,Mumbai,2024-06-03 21:56:54,Rugby Sevens,90,Rebecca Gonzales,60,Male
837,Africa,Nigeria,Lagos,2024-06-11 13:49:50,Swimming,30,Richard Cunningham,53,Female
838,South America,Colombia,Cali,2024-05-08 00:04:56,Equestrian,150,Mrs. Rebecca Evans,33,Female
839,South America,Brazil,Rio de Janeiro,2024-04-28 12:21:08,Sport Climbing,120,Nicole Edwards,60,Female
840,Africa,Egypt,Cairo,2024-06-04 19:08:17,Rowing,150,Mark Poole,51,Female
841,South America,Venezuela,Valencia,2024-05-06 14:21:30,Fencing,120,Bradley Floyd,28,Female
842,Oceania,Australia,Sydney,2024-05-13 14:10:38,Gymnastics,150,Briana Moore,31,Male
843,South America,Colombia,Bogotá,2024-06-07 02:52:11,Diving,90,April Kennedy,42,Male
844,North America,Canada,Toronto,2024-05-02 04:26:19,Diving,90,Pamela Miller,29,Female
845,Europe,Germany,Berlin,2024-05-21 22:26:50,Cycling,30,Kristin Underwood,30,Female
846,South America,Venezuela,Maracaibo,2024-05-27 13:15:38,Volleyball,150,April Hernandez,58,Female
847,South America,Argentina,Rosario,2024-05-29 05:53:50,Karate,60,Christine Wolf,41,Male
848,Asia,Pakistan,Islamabad,2024-06-01 09:19:36,Fencing,150,David Johnson,55,Male
849,Africa,Tanzania,Dodoma,2024-06-03 02:35:18,Karate,90,Christina Reed,52,Female
850,Oceania,Australia,Brisbane,2024-06-01 21:52:40,Badminton,150,Teresa Chavez,34,Male
851,Asia,South Korea,Busan,2024-05-28 17:15:25,Judo,120,Andrew Richmond,37,Male
852,Oceania,New Zealand,Wellington,2024-05-20 05:52:35,Sport Climbing,60,Mark Little,36,Female
853,Oceania,Solomon Islands,Honiara,2024-05-12 21:47:02,Volleyball,150,Tony Nunez,21,Female
854,North America,Canada,Toronto,2024-05-22 03:27:34,Shooting,60,Jesse Rodriguez,20,Female
855,Europe,Italy,Rome,2024-06-15 04:35:35,Swimming,120,William Mason,27,Female
856,Europe,Italy,Naples,2024-05-01 15:12:27,Water Polo,90,Christina Burke,18,Female
857,North America,United States,Los Angeles,2024-05-05 07:05:18,Table Tennis,90,William Wolfe,37,Female
858,South America,Argentina,Córdoba,2024-05-04 10:27:13,Tennis,30,Rodney Harris,51,Male
859,Europe,Germany,Berlin,2024-05-09 01:09:12,Swimming,60,Brittany Benson,58,Female
860,South America,Peru,Arequipa,2024-05-27 12:01:32,Sport Climbing,30,Elizabeth White,58,Male
861,South America,Peru,Arequipa,2024-05-21 00:35:48,Athletics,60,Anna Lane,33,Male
862,Africa,Egypt,Giza,2024-04-27 16:28:12,Archery,120,Jamie Trevino,57,Female
863,Africa,Nigeria,Abuja,2024-06-17 21:55:38,Rugby Sevens,90,Lori Dennis,18,Female
864,Africa,Egypt,Giza,2024-05-23 08:36:03,Volleyball,30,Christopher Rose,18,Female
865,Africa,Ethiopia,Addis Ababa,2024-04-30 16:21:55,Shooting,90,Janice Brown,51,Female
866,South America,Argentina,Rosario,2024-05-31 19:45:52,Triathlon,90,Michael Durham,21,Male
867,Oceania,Australia,Sydney,2024-06-20 14:53:07,Sport Climbing,90,Gregory Martinez,36,Male
868,Oceania,New Zealand,Wellington,2024-06-15 00:39:07,Handball,120,Emily Thompson,24,Male
869,Asia,Pakistan,Lahore,2024-04-27 04:52:35,Athletics,30,Emily Brown,45,Male
870,North America,Canada,Toronto,2024-05-21 13:39:27,Swimming,120,Tammy Stevens,48,Male
871,South America,Colombia,Cali,2024-05-18 11:54:01,Field Hockey,60,Richard Hudson,44,Female
872,South America,Peru,Cusco,2024-04-28 12:03:22,Wrestling,120,Kevin Tucker,53,Male
873,Asia,Japan,Osaka,2024-05-23 18:45:51,Football,30,Bridget Chambers,42,Male
874,Asia,China,Shanghai,2024-05-24 09:23:59,Surfing,120,Shannon Murphy,57,Female
875,Africa,DR Congo,Kinshasa,2024-04-27 18:38:10,Badminton,60,Mark Brown,60,Male
876,Europe,Italy,Milan,2024-05-08 20:00:27,Softball,120,Jacqueline White,59,Male
877,South America,Argentina,Rosario,2024-04-25 11:13:26,Tennis,60,Michael Raymond,20,Male
878,South America,Brazil,São Paulo,2024-06-04 22:30:52,Judo,90,Kevin Davis,56,Female
879,North America,Canada,Vancouver,2024-06-13 05:15:50,Shooting,120,Brittany Johnson,22,Male
880,Asia,Japan,Tokyo,2024-05-30 20:39:44,Water Polo,30,Rebecca Alexander,43,Female
881,North America,Canada,Toronto,2024-06-17 04:18:56,Football,60,Donna Mejia,19,Male
882,South America,Argentina,Buenos Aires,2024-05-31 04:22:50,Shooting,150,Jonathan Harrington,18,Female
883,Asia,China,Beijing,2024-04-21 22:32:40,Basketball,30,Rebecca Adams,36,Male
884,Asia,China,Guangzhou,2024-06-01 20:35:52,Judo,60,Leah Martinez,55,Female
885,Europe,Russia,Novosibirsk,2024-05-16 08:57:07,Karate,90,Tyler Davis,38,Female
886,Europe,Germany,Berlin,2024-05-15 09:33:32,Cycling,30,Andrew Warren,42,Female
887,Europe,France,Paris,2024-05-18 19:46:26,Field Hockey,120,Lisa Lee,41,Male
888,Africa,Nigeria,Lagos,2024-06-15 10:23:10,Triathlon,90,Veronica Williams,55,Male
889,South America,Colombia,Medellín,2024-04-30 06:31:11,Beach Volleyball,90,Jessica Sloan,52,Female
890,Africa,Tanzania,Dodoma,2024-05-06 18:14:11,Triathlon,120,Diane Perry,53,Female
891,South America,Colombia,Cali,2024-05-17 11:10:30,Beach Volleyball,30,Colin Taylor,26,Male
892,Oceania,Fiji,Nadi,2024-06-13 23:13:45,Archery,60,David Bailey,49,Male
893,South America,Peru,Cusco,2024-05-16 00:48:17,Badminton,30,Pamela Scott,49,Male
894,Africa,Tanzania,Dar es Salaam,2024-06-14 03:18:25,Shooting,60,Kenneth Warren,43,Female
895,Africa,DR Congo,Mbuji-Mayi,2024-04-25 05:52:03,Golf,60,Jacqueline Park,45,Female
896,Africa,Egypt,Giza,2024-05-28 22:11:56,Diving,90,Steven Morris,59,Male
897,Asia,India,Bangalore,2024-05-15 08:43:45,Basketball,120,Joseph Blevins,58,Female
898,Asia,India,Delhi,2024-06-15 18:25:10,Rowing,150,Danielle Anderson,59,Male
899,Africa,Egypt,Alexandria,2024-06-12 10:58:23,Surfing,60,Barbara Maddox,59,Male
900,South America,Brazil,Brasília,2024-06-01 07:50:18,Boxing,30,John Sanchez,37,Male
901,Africa,Ethiopia,Addis Ababa,2024-06-16 14:38:22,Golf,150,Melissa Yates,57,Male
902,Europe,France,Marseille,2024-06-20 00:33:20,Equestrian,60,Joshua Solomon,60,Female
903,Africa,Egypt,Alexandria,2024-06-03 16:02:43,Rowing,150,Kimberly Moore,55,Male
904,Africa,Nigeria,Kano,2024-06-04 06:48:52,Volleyball,60,Jeremy Griffith,35,Female
905,Oceania,Australia,Sydney,2024-06-16 02:45:25,Beach Volleyball,30,Mary Ward,47,Male
906,North America,Canada,Montreal,2024-06-19 09:57:28,Swimming,30,Cynthia Norman,34,Female
907,South America,Venezuela,Valencia,2024-06-01 12:47:07,Boxing,60,Wayne Foster,36,Male
908,Africa,Ethiopia,Dire Dawa,2024-04-28 21:37:43,Rugby Sevens,90,Jonathan Daniel,41,Male
909,North America,Canada,Montreal,2024-06-14 19:11:51,Surfing,60,Gordon Anderson,37,Male
910,South America,Brazil,São Paulo,2024-06-05 02:15:04,Triathlon,60,Carl Barnes,57,Female
911,Europe,Germany,Berlin,2024-04-26 11:46:13,Skateboarding,90,Jill Matthews,21,Male
912,South America,Argentina,Córdoba,2024-05-02 12:30:24,Athletics,90,Brian Rogers,47,Male
913,Africa,Egypt,Giza,2024-04-28 22:57:44,Cycling,120,Cynthia Scott,51,Female
914,South America,Colombia,Bogotá,2024-05-31 23:24:10,Diving,150,Helen Miles,56,Male
915,North America,Mexico,Guadalajara,2024-06-06 12:55:49,Basketball,120,Kimberly Evans,29,Male
916,Europe,France,Paris,2024-06-09 11:02:42,Softball,30,Donald Gross,50,Female
917,Africa,Egypt,Cairo,2024-06-18 03:08:41,Water Polo,60,Mark Miller,41,Male
918,Africa,Ethiopia,Dire Dawa,2024-05-26 21:48:17,Shooting,120,Kayla Martin,39,Female
919,Asia,Pakistan,Islamabad,2024-05-02 16:06:24,Sailing,30,Gary Williams,49,Female
920,Oceania,Fiji,Suva,2024-06-17 07:44:22,Archery,150,Danielle Johnson,37,Female
921,Oceania,Fiji,Suva,2024-06-11 02:16:19,Rowing,30,Dean Lowery,53,Female
922,Oceania,Fiji,Nadi,2024-04-28 14:59:38,Archery,150,Angela Hoover,38,Male
923,Oceania,Papua New Guinea,Lae,2024-06-19 23:54:23,Volleyball,120,John Morris,47,Female
924,South America,Brazil,Rio de Janeiro,2024-05-18 10:56:40,Field Hockey,120,Joel Wheeler,23,Male
925,South America,Argentina,Buenos Aires,2024-05-26 04:15:13,Karate,30,Brent Fuller,30,Female
926,Europe,Germany,Berlin,2024-05-29 13:08:18,Triathlon,60,Maria Miller,59,Female
927,Africa,Nigeria,Lagos,2024-04-30 09:07:04,Water Polo,30,Kyle Mathis,36,Female
928,Oceania,Solomon Islands,Auki,2024-06-07 20:08:18,Diving,60,Jennifer Christian,40,Male
929,Oceania,Fiji,Lautoka,2024-05-02 09:39:44,Fencing,60,Angela Schmidt,55,Female
930,Europe,France,Paris,2024-06-15 09:13:56,Modern Pentathlon,30,Ryan Allen,30,Female
931,North America,United States,New York,2024-06-10 05:36:59,Karate,90,Mary Fuller,19,Female
932,North America,United States,Los Angeles,2024-05-13 01:18:21,Diving,30,Lori Miller,57,Female
933,South America,Peru,Cusco,2024-06-19 00:25:25,Softball,30,Christina Maddox,57,Female
934,South America,Peru,Lima,2024-06-09 01:00:22,Rowing,30,Nicholas Thomas,38,Male
935,Asia,India,Delhi,2024-06-13 07:13:56,Skateboarding,120,Victoria Thornton,54,Male
936,Europe,Germany,Berlin,2024-05-26 19:18:14,Volleyball,60,Marissa Green,41,Male
937,Oceania,Australia,Brisbane,2024-05-11 17:49:59,Weightlifting,150,Christopher Gamble,48,Female
938,Africa,Egypt,Giza,2024-05-26 19:34:45,Golf,150,Jacob Lewis,51,Male
939,South America,Venezuela,Valencia,2024-06-06 16:52:04,Shooting,90,Kathleen Rodriguez,60,Male
940,South America,Colombia,Cali,2024-05-23 10:38:59,Skateboarding,30,Chad George,41,Female
941,Europe,United Kingdom,London,2024-05-31 19:19:56,Field Hockey,120,Kelly Scott,47,Male
942,South America,Peru,Lima,2024-06-05 23:20:50,Archery,90,Lacey Mcclure,48,Male
943,North America,Canada,Toronto,2024-06-08 10:17:35,Baseball,120,Gregory Harris,33,Male
944,North America,Mexico,Monterrey,2024-05-14 21:09:05,Gymnastics,120,Michelle Long,29,Male
945,North America,Mexico,Mexico City,2024-06-01 04:56:45,Modern Pentathlon,120,Mr. Thomas Williams,45,Female
946,Africa,Nigeria,Kano,2024-04-30 12:47:25,Archery,120,Jason Martinez,51,Female
947,Europe,Italy,Milan,2024-06-04 14:07:23,Softball,120,Kim Hernandez,21,Male
948,Africa,Tanzania,Arusha,2024-06-11 11:29:13,Archery,120,Vanessa Brown,19,Male
949,Africa,Tanzania,Dodoma,2024-05-31 22:46:10,Sailing,90,Olivia Waters,19,Female
950,South America,Brazil,São Paulo,2024-05-10 22:27:41,Diving,120,Sharon Martinez,44,Female
951,Africa,DR Congo,Lubumbashi,2024-06-09 21:20:50,Softball,120,Michael Carter,29,Male
952,Africa,DR Congo,Mbuji-Mayi,2024-05-21 20:47:38,Gymnastics,30,Kimberly Alvarez,48,Female
953,Asia,Pakistan,Lahore,2024-06-05 13:58:52,Surfing,60,Alicia Adams,27,Female
954,North America,United States,Los Angeles,2024-04-26 08:34:58,Archery,30,Justin Turner,31,Male
955,Oceania,New Zealand,Christchurch,2024-06-18 05:49:53,Swimming,90,Ryan Booker,43,Male
956,South America,Colombia,Cali,2024-06-15 16:05:16,Rowing,90,Jeffrey Preston,59,Male
957,North America,Canada,Vancouver,2024-05-26 08:21:26,Skateboarding,90,Tamara Vance,60,Female
958,Asia,Pakistan,Karachi,2024-06-01 14:52:12,Judo,30,Elizabeth Wallace,34,Female
959,Oceania,Australia,Sydney,2024-06-05 05:18:16,Fencing,90,Cathy Kline,22,Female
960,Oceania,Solomon Islands,Gizo,2024-06-03 16:39:44,Sport Climbing,150,Michael Martin,21,Female
961,South America,Venezuela,Maracaibo,2024-05-20 18:39:33,Tennis,30,Christy Mckee,39,Female
962,Oceania,Solomon Islands,Gizo,2024-04-27 04:58:35,Boxing,120,Autumn Ritter,56,Male
963,Africa,Tanzania,Arusha,2024-05-04 02:10:14,Karate,60,Katherine Brady,59,Female
964,Europe,Russia,Novosibirsk,2024-06-01 02:06:51,Tennis,150,Mary Stevens,18,Male
965,North America,Canada,Vancouver,2024-04-28 23:06:14,Weightlifting,60,Crystal Fischer,35,Female
966,North America,Mexico,Monterrey,2024-06-10 21:26:30,Gymnastics,60,Luke Sanchez,48,Male
967,Oceania,Solomon Islands,Honiara,2024-06-18 22:53:19,Softball,30,Jonathan Johnson,27,Female
968,Asia,Pakistan,Islamabad,2024-05-06 09:23:25,Basketball,120,Jackie Campbell,44,Female
969,Asia,China,Guangzhou,2024-06-12 07:15:08,Handball,90,James Miles,32,Male
970,Asia,China,Guangzhou,2024-06-17 22:19:30,Boxing,30,Eileen Rios,26,Male
971,South America,Peru,Arequipa,2024-06-19 03:53:33,Rowing,90,Angela Pham,25,Male
972,North America,Canada,Vancouver,2024-06-19 07:05:15,Swimming,90,Sandra Phillips,60,Male
973,Oceania,Australia,Melbourne,2024-05-04 02:05:47,Weightlifting,150,Nathan Schmidt,22,Male
974,Africa,Tanzania,Arusha,2024-06-06 15:55:29,Athletics,150,Michael Young,27,Female
975,Europe,France,Lyon,2024-06-04 23:51:16,Baseball,60,Bryce Marks,40,Male
976,South America,Venezuela,Maracaibo,2024-05-30 01:58:55,Weightlifting,90,Deborah Mora,51,Male
977,South America,Colombia,Cali,2024-05-21 20:02:05,Table Tennis,150,Chad Combs,58,Male
978,Africa,Nigeria,Lagos,2024-06-13 13:42:16,Softball,120,Kimberly Scott,19,Male
979,Asia,South Korea,Busan,2024-05-28 18:57:05,Diving,30,Steven Jones,27,Male
980,Oceania,Australia,Sydney,2024-04-23 19:11:47,Gymnastics,90,Alexandra Copeland,47,Female
981,Africa,Ethiopia,Mekelle,2024-05-05 01:49:46,Diving,150,Jason Leonard,28,Male
982,Europe,Italy,Rome,2024-04-29 14:20:44,Table Tennis,30,Roberto Morgan,31,Male
983,North America,Canada,Toronto,2024-04-28 19:00:32,Softball,90,Kelly Lewis,34,Male
984,Oceania,New Zealand,Auckland,2024-05-29 17:48:28,Volleyball,90,Ann Pineda,50,Female
985,South America,Peru,Cusco,2024-05-01 15:04:38,Badminton,90,Cristina Rivas,60,Female
986,Oceania,Solomon Islands,Gizo,2024-05-11 11:08:54,Water Polo,90,Daniel Wilson,45,Female
987,Africa,Egypt,Cairo,2024-05-30 02:17:32,Football,90,Jessica Young,51,Male
988,Africa,DR Congo,Lubumbashi,2024-04-24 16:34:08,Modern Pentathlon,90,Randy Daniels,53,Male
989,Oceania,Fiji,Nadi,2024-05-01 17:36:01,Fencing,120,Aaron Cruz,24,Female
990,Asia,Japan,Osaka,2024-04-25 22:50:50,Swimming,90,Linda Robertson,58,Male
991,Asia,South Korea,Incheon,2024-04-28 01:24:18,Weightlifting,30,Karen Smith,38,Female
992,South America,Brazil,São Paulo,2024-05-27 09:52:11,Shooting,30,James Phelps,51,Male
993,Africa,Ethiopia,Addis Ababa,2024-06-10 04:21:15,Triathlon,150,Connie Smith,58,Male
994,Africa,Ethiopia,Mekelle,2024-05-09 23:36:28,Diving,90,Sheila Sanders,38,Male
995,Oceania,Australia,Sydney,2024-05-23 07:04:54,Handball,150,Lisa Bauer,37,Female
996,Oceania,Australia,Sydney,2024-04-25 05:57:15,Skateboarding,90,Lisa Wilson,42,Male
997,Africa,Nigeria,Abuja,2024-04-26 08:46:00,Diving,30,Kenneth Lopez,34,Male
998,Asia,India,Bangalore,2024-05-22 11:47:29,Baseball,150,Nancy Young,25,Male
999,South America,Peru,Lima,2024-05-17 22:53:06,Weightlifting,30,Richard Oliver,23,Male
1000,Africa,Egypt,Alexandria,2024-05-25 01:34:56,Softball,120,Veronica Haney,21,Male
